Customer_id ,Customer_name,City,Signup_Time,Acquisition_channel
C00002,Rohan Agarwal,Delhi,2024-05-06,Organic
C00003,Priya Verma,Hyderabad,2025-10-13,Instagram Ads
C00004,Neha Singh,Mumbai,2024-02-06,WhatsApp Campaign
C00005,Amit Kumar,Noida,2024-11-08,Referral
C00006,Rohan Agarwal,Chennai,2024-06-04,Instagram Ads
C00007,Priya Verma, pune,2024-02-12,Organic
C00008,Ananya Mishra,Bengaluru,2025-01-29,Instagram Ads
C00009,Rahul Sharma,Mumbai,2025-04-28,WhatsApp Campaign
C00010,Nisha Sharma,Pune,2025-08-20,WhatsApp Campaign
C00011,Priya Verma,Pune,2024-04-01,Referral
C00012,Priya Verma,Bengaluru,2025-04-03,WhatsApp Campaign
C00013,Rohan Agarwal,Noida,2025-01-16,WhatsApp Campaign
C00014,Neha Singh,Chennai,2025-04-22,Referral
C00015,Amit Kumar,Delhi,2025-08-29,WhatsApp Campaign
C00016,Rohan Agarwal,Bengaluru,2025-06-23,Instagram Ads
C00017,Rahul Sharma,Mumbai,2025-01-19,Referral
C00018,Priya Verma,Bengaluru,2024-03-08,Referral
C00019,Amit Kumar,Pune,2025-11-15,Instagram Ads
C00020,Arjun Gupta,Chennai,2024-04-23,Referral
C00021,Arjun Gupta,Noida,2025-04-16,Google Ads
C00022,Amit Kumar,Chennai,2025-11-08,Google Ads
C00023,Rahul Sharma,Pune,2024-10-09,Organic
C00024,Arjun Gupta,Mumbai,2024-07-23,Organic
C00025,Priya Verma,Pune,2024-03-13,WhatsApp Campaign
C00026,Sneha Patel,Pune,2024-02-16,Instagram Ads
C00027,Ananya Mishra,Gurugram,2024-11-23,Instagram Ads
C00028,Arjun Gupta,Pune,2025-09-24,Organic
C00029,Ananya Mishra,Gurugram,2025-05-14,Referral
C00030,Amit Kumar,Hyderabad,2025-06-28,Instagram Ads
C00031,Rahul Sharma,Mumbai,2025-05-19,Google Ads
C00032,Rohan Agarwal,Noida,2025-03-22,Referral
C00033,Neha Singh,Delhi,2024-03-21,Referral
C00034,Sneha Patel,Mumbai,2025-03-13,Google Ads
C00035,Arjun Gupta,Mumbai,2024-06-03,WhatsApp Campaign
C00036,Sneha Patel,Noida,2024-02-23,Google Ads
C00037,Amit Kumar,Bengaluru,2024-09-26,Google Ads
C00038,Sneha Patel,Gurugram,2024-09-20,Referral
C00039,Sneha Patel,Chennai,2024-11-08,Google Ads
C00040,Sneha Patel,Pune,2025-07-05,Referral
C00041,Sneha Patel,Mumbai,2024-06-25,Instagram Ads
C00042,Priya Verma,Noida,2025-04-29,Referral
C00043,Amit Kumar,Mumbai,2024-05-26,WhatsApp Campaign
C00044,Rohan Agarwal,Delhi,2024-04-09,Referral
C00045,Neha Singh,Pune,2025-08-09,Instagram Ads
C00046,Ananya Mishra,Noida,2024-08-28,Instagram Ads
C00047,Sneha Patel,Delhi,2024-04-22,WhatsApp Campaign
C00048,Neha Singh,Pune,2025-11-16,WhatsApp Campaign
C00049,Sneha Patel,Pune,2025-10-13,Referral
C00050,Arjun Gupta,Mumbai,2024-06-10,Referral
C00051,Amit Kumar,Chennai,2024-03-06,Google Ads
C00052,Amit Kumar,Gurugram,2024-07-20,WhatsApp Campaign
C00053,Priya Verma,Gurugram,2025-05-18,Referral
C00054,Neha Singh,Hyderabad,2024-12-02,Instagram Ads
C00055,Rahul Sharma,Delhi,2025-09-15,Organic
C00056,Priya Verma,Bengaluru,2024-03-04,Referral
C00057,Sneha Patel,Delhi,2024-09-30,Instagram Ads
C00058,Amit Kumar,Mumbai,2024-02-01,Instagram Ads
C00059,Sneha Patel,Hyderabad,2024-11-01,Referral
C00060,Neha Singh,Hyderabad,2025-03-22,Instagram Ads
C00061,Arjun Gupta,Pune,2025-11-07,Google Ads
C00062,Sneha Patel,Delhi,2025-04-05,Referral
C00063,Ananya Mishra,Pune,2025-07-22,Google Ads
C00064,Neha Singh,Chennai,2024-04-17,Instagram Ads
C00065,Amit Kumar,Mumbai,2024-01-24,WhatsApp Campaign
C00066,Ananya Mishra,Noida,2024-10-13,Organic
C00067,Rohan Agarwal,Hyderabad,2024-10-20,Google Ads
C00068,Arjun Gupta,Noida,2024-10-28,WhatsApp Campaign
C00069,Neha Singh,Chennai,2024-12-06,Organic
C00070,Sneha Patel,Hyderabad,2025-09-06,WhatsApp Campaign
C00071,Ananya Mishra,Hyderabad,2024-11-25,WhatsApp Campaign
C00072,Sneha Patel,Pune,2024-05-04,Google Ads
C00073,Arjun Gupta,Chennai,2025-10-23,Referral
C00074,Neha Singh,Noida,2025-02-05,WhatsApp Campaign
C00075,Rahul Sharma,Noida,2024-10-31,Google Ads
C00076,Arjun Gupta,Gurugram,2025-02-24,Google Ads
C00077,Ananya Mishra,Gurugram,2025-04-29,Referral
C00078,Rahul Sharma,Pune,2024-11-01,Google Ads
C00079,Arjun Gupta,Hyderabad,2024-06-05,Instagram Ads
C00080,Priya Verma,Chennai,2025-04-25,Instagram Ads
C00081,Rahul Sharma,Chennai,2025-07-12,Referral
C00082,Rahul Sharma,Hyderabad,2025-03-14,Organic
C00083,Rohan Agarwal,Noida,2024-11-15,Referral
C00084,Arjun Gupta,Hyderabad,2025-07-06,WhatsApp Campaign
C00085,Priya Verma,Delhi,2024-07-08,Organic
C00086,Rahul Sharma,Chennai,2025-05-10,WhatsApp Campaign
C00087,Rahul Sharma,Bengaluru,2025-08-27,Instagram Ads
C00088,Ananya Mishra,Gurugram,2024-11-09,WhatsApp Campaign
C00089,Rohan Agarwal,Hyderabad,2024-04-02,Organic
C00090,Priya Verma,Mumbai,2025-03-28,Organic
C00091,Sneha Patel,Bengaluru,2025-02-08,Instagram Ads
C00092,Amit Kumar,Delhi,2025-06-18,Organic
C00093,Sneha Patel,Bengaluru,2025-07-09,Organic
C00094,Amit Kumar,Pune,2024-11-07,WhatsApp Campaign
C00095,Rahul Sharma,Gurugram,2024-08-26,Instagram Ads
C00096,Rahul Sharma,Hyderabad,2024-12-16,Referral
C00097,Neha Singh,Delhi,2025-02-17,WhatsApp Campaign
C00098,Priya Verma,Noida,2024-06-27,Referral
C00099,Rahul Sharma,Hyderabad,2025-05-17,Organic
C00100,Rahul Sharma,Delhi,2025-07-05,WhatsApp Campaign
C00101,Rahul Sharma,Pune,2024-02-22,Organic
C00102,Rohan Agarwal,Noida,2024-06-06,Organic
C00103,Priya Verma,Hyderabad,2024-03-20,Instagram Ads
C00104,Rohan Agarwal,Pune,2025-02-07,Google Ads
C00105,Priya Verma,Delhi,2025-07-18,Google Ads
C00106,Amit Kumar,Hyderabad,2025-03-31,Google Ads
C00107,Amit Kumar,Noida,2024-01-04,WhatsApp Campaign
C00108,Ananya Mishra,Bengaluru,2024-09-09,WhatsApp Campaign
C00109,Rahul Sharma,Chennai,2024-08-02,WhatsApp Campaign
C00110,Rohan Agarwal,Pune,2024-02-27,Organic
C00111,Amit Kumar,Noida,2025-02-26,Referral
C00112,Ananya Mishra,Gurugram,2025-11-27,Google Ads
C00113,Priya Verma,Mumbai,2025-03-11,WhatsApp Campaign
C00114,Neha Singh,Hyderabad,2024-05-21,Organic
C00115,Amit Kumar,Chennai,2025-09-04,Referral
C00116,Priya Verma,Gurugram,2025-08-21,Google Ads
C00117,Neha Singh,Chennai,2025-07-03,Organic
C00118,Sneha Patel,Delhi,2024-11-25,WhatsApp Campaign
C00119,Amit Kumar,Noida,2025-02-21,Instagram Ads
C00120,Neha Singh,Bengaluru,2025-07-07,Google Ads
C00121,Sneha Patel,Pune,2024-06-14,WhatsApp Campaign
C00122,Sneha Patel,Chennai,2025-04-24,Google Ads
C00123,Neha Singh,Chennai,2025-01-19,Instagram Ads
C00124,Neha Singh,Hyderabad,2025-03-03,Instagram Ads
C00125,Amit Kumar,Hyderabad,2024-12-10,WhatsApp Campaign
C00126,Amit Kumar,Mumbai,2024-05-17,Instagram Ads
C00127,Amit Kumar,Chennai,2024-08-26,Google Ads
C00128,Neha Singh,Hyderabad,2025-11-30,Google Ads
C00129,Amit Kumar,Bengaluru,2025-07-07,Organic
C00130,Rahul Sharma,Gurugram,2025-07-08,Google Ads
C00131,Rohan Agarwal,Hyderabad,2024-03-07,Instagram Ads
C00132,Rahul Sharma,Bengaluru,2024-04-19,Referral
C00133,Arjun Gupta,Pune,2024-05-09,Google Ads
C00134,Priya Verma,Pune,2024-01-15,Referral
C00135,Arjun Gupta,Pune,2024-09-04,Google Ads
C00136,Ananya Mishra,Delhi,2025-01-23,Google Ads
C00137,Ananya Mishra,Chennai,2024-03-25,Instagram Ads
C00138,Rohan Agarwal,Bengaluru,2025-09-11,Instagram Ads
C00139,Arjun Gupta,Chennai,2025-09-28,WhatsApp Campaign
C00140,Priya Verma,Delhi,2024-03-03,Instagram Ads
C00141,Sneha Patel,Mumbai,2025-01-10,Instagram Ads
C00142,Neha Singh,Delhi,2025-03-08,Instagram Ads
C00143,Sneha Patel,Bengaluru,2025-10-25,Instagram Ads
C00144,Ananya Mishra,Delhi,2024-10-08,WhatsApp Campaign
C00145,Neha Singh,Gurugram,2025-11-20,WhatsApp Campaign
C00146,Ananya Mishra,Noida,2024-09-19,Instagram Ads
C00147,Priya Verma,Delhi,2024-01-04,Organic
C00148,Ananya Mishra,Hyderabad,2024-04-14,Referral
C00149,Priya Verma,Delhi,2025-03-05,Organic
C00150,Rahul Sharma,Mumbai,2025-01-04,Organic
C00151,Sneha Patel,Pune,2025-03-28,Google Ads
C00152,Rahul Sharma,Gurugram,2025-08-15,WhatsApp Campaign
C00153,Neha Singh,Bengaluru,2024-10-16,Instagram Ads
C00154,Rohan Agarwal,Delhi,2024-02-02,Organic
C00155,Rohan Agarwal,Gurugram,2025-01-17,WhatsApp Campaign
C00156,Priya Verma,Noida,2024-04-22,Google Ads
C00157,Neha Singh,Chennai,2024-07-27,Google Ads
C00158,Rahul Sharma,Delhi,2025-11-23,Organic
C00159,Ananya Mishra,Delhi,2024-07-23,Organic
C00160,Rohan Agarwal,Gurugram,2025-09-30,Referral
C00161,Sneha Patel,Bengaluru,2025-10-21,Referral
C00162,Arjun Gupta,Noida,2024-04-27,Instagram Ads
C00163,Priya Verma,Mumbai,2025-05-24,Organic
C00164,Neha Singh,Chennai,2025-06-08,Instagram Ads
C00165,Rohan Agarwal,Hyderabad,2024-06-19,WhatsApp Campaign
C00166,Ananya Mishra,Mumbai,2024-08-11,Google Ads
C00167,Amit Kumar,Noida,2024-09-06,Instagram Ads
C00168,Rohan Agarwal,Chennai,2025-09-24,Organic
C00169,Priya Verma,Noida,2025-01-16,WhatsApp Campaign
C00170,Rahul Sharma,Mumbai,2024-12-14,Google Ads
C00171,Neha Singh,Pune,2025-11-08,Instagram Ads
C00172,Ananya Mishra,Hyderabad,2024-08-13,Organic
C00173,Rohan Agarwal,Noida,2025-09-17,Google Ads
C00174,Amit Kumar,Noida,2024-01-06,Referral
C00175,Neha Singh,Chennai,2025-06-17,Organic
C00176,Arjun Gupta,Mumbai,2024-06-21,Instagram Ads
C00177,Amit Kumar,Bengaluru,2025-02-21,Instagram Ads
C00178,Priya Verma,Pune,2025-09-12,Referral
C00179,Rohan Agarwal,Chennai,2024-05-01,Instagram Ads
C00180,Ananya Mishra,Hyderabad,2025-05-27,Instagram Ads
C00181,Arjun Gupta,Delhi,2024-11-20,Referral
C00182,Arjun Gupta,Chennai,2025-03-04,Google Ads
C00183,Sneha Patel,Bengaluru,2025-02-09,Referral
C00184,Priya Verma,Mumbai,2024-11-01,Instagram Ads
C00185,Neha Singh,Hyderabad,2025-08-25,Instagram Ads
C00186,Arjun Gupta,Pune,2025-04-21,Referral
C00187,Rohan Agarwal,Noida,2025-09-02,Referral
C00188,Rohan Agarwal,Hyderabad,2025-11-13,Google Ads
C00189,Neha Singh,Delhi,2024-05-21,Organic
C00190,Rahul Sharma,Noida,2024-07-03,WhatsApp Campaign
C00191,Sneha Patel,Pune,2025-04-25,Organic
C00192,Rahul Sharma,Delhi,2024-08-08,Organic
C00193,Rahul Sharma,Hyderabad,2024-01-01,Google Ads
C00194,Neha Singh,Pune,2025-08-01,Referral
C00195,Rahul Sharma,Delhi,2025-09-24,Google Ads
C00196,Neha Singh,Hyderabad,2025-09-07,Referral
C00197,Rohan Agarwal,Delhi,2024-04-11,Organic
C00198,Rahul Sharma,Hyderabad,2024-10-05,WhatsApp Campaign
C00199,Rahul Sharma,Delhi,2025-07-06,WhatsApp Campaign
C00200,Priya Verma,Noida,2025-07-25,Instagram Ads
C00201,Neha Singh,Gurugram,2025-09-10,Organic
C00202,Sneha Patel,Bengaluru,2024-02-11,Organic
C00203,Amit Kumar,Hyderabad,2025-07-03,Referral
C00204,Ananya Mishra,Mumbai,2024-02-16,Google Ads
C00205,Ananya Mishra,Pune,2024-03-30,Referral
C00206,Neha Singh,Delhi,2024-03-12,Referral
C00207,Rahul Sharma,Hyderabad,2024-11-04,Referral
C00208,Sneha Patel,Mumbai,2025-03-10,WhatsApp Campaign
C00209,Priya Verma,Noida,2025-01-30,Instagram Ads
C00210,Amit Kumar,Chennai,2024-09-05,Google Ads
C00211,Rohan Agarwal,Bengaluru,2024-07-22,Google Ads
C00212,Ananya Mishra,Chennai,2024-10-13,Instagram Ads
C00213,Sneha Patel,Noida,2025-08-08,Instagram Ads
C00214,Arjun Gupta,Mumbai,2025-09-24,Google Ads
C00215,Rohan Agarwal,Chennai,2025-10-04,Organic
C00216,Sneha Patel,Pune,2024-04-13,Referral
C00217,Sneha Patel,Bengaluru,2024-04-07,WhatsApp Campaign
C00218,Priya Verma,Pune,2024-05-24,Google Ads
C00219,Ananya Mishra,Noida,2025-01-11,Instagram Ads
C00220,Priya Verma,Hyderabad,2025-01-25,Google Ads
C00221,Priya Verma,Noida,2025-09-27,Google Ads
C00222,Priya Verma,Bengaluru,2024-03-07,Referral
C00223,Neha Singh,Pune,2024-09-10,Referral
C00224,Amit Kumar,Delhi,2025-02-05,Instagram Ads
C00225,Priya Verma,Pune,2024-08-01,WhatsApp Campaign
C00226,Amit Kumar,Pune,2025-06-25,Referral
C00227,Rohan Agarwal,Gurugram,2024-08-01,Instagram Ads
C00228,Amit Kumar,Noida,2024-09-23,Referral
C00229,Rohan Agarwal,Delhi,2024-07-09,Organic
C00230,Ananya Mishra,Chennai,2025-07-31,Organic
C00231,Ananya Mishra,Noida,2024-03-24,WhatsApp Campaign
C00232,Priya Verma,Mumbai,2024-10-24,Referral
C00233,Priya Verma,Bengaluru,2025-07-16,Instagram Ads
C00234,Ananya Mishra,Chennai,2024-05-06,Organic
C00235,Rohan Agarwal,Hyderabad,2024-09-16,WhatsApp Campaign
C00236,Amit Kumar,Gurugram,2025-07-08,Referral
C00237,Rahul Sharma,Chennai,2025-07-24,WhatsApp Campaign
C00238,Rahul Sharma,Gurugram,2024-10-11,Organic
C00239,Amit Kumar,Delhi,2024-08-27,WhatsApp Campaign
C00240,Rohan Agarwal,Hyderabad,2024-09-22,Instagram Ads
C00241,Arjun Gupta,Noida,2025-11-26,WhatsApp Campaign
C00242,Neha Singh,Noida,2024-10-16,Instagram Ads
C00243,Arjun Gupta,Gurugram,2024-03-11,Instagram Ads
C00244,Ananya Mishra,Gurugram,2024-11-02,Google Ads
C00245,Ananya Mishra,Hyderabad,2025-11-10,Google Ads
C00246,Priya Verma,Mumbai,2025-11-28,Google Ads
C00247,Priya Verma,Mumbai,2025-08-19,WhatsApp Campaign
C00248,Neha Singh,Chennai,2025-03-30,WhatsApp Campaign
C00249,Arjun Gupta,Noida,2025-04-30,WhatsApp Campaign
C00250,Amit Kumar,Mumbai,2025-08-13,Referral
C00251,Rahul Sharma,Noida,2024-05-06,Google Ads
C00252,Arjun Gupta,Hyderabad,2024-04-01,Google Ads
C00253,Rahul Sharma,Hyderabad,2024-08-21,Referral
C00254,Sneha Patel,Mumbai,2025-05-28,Instagram Ads
C00255,Arjun Gupta,Bengaluru,2024-01-01,WhatsApp Campaign
C00256,Arjun Gupta,Noida,2025-06-13,Google Ads
C00257,Amit Kumar,Pune,2024-10-13,Organic
C00258,Rohan Agarwal,Mumbai,2025-08-30,Organic
C00259,Arjun Gupta,Mumbai,2025-09-22,Organic
C00260,Sneha Patel,Mumbai,2025-05-21,Referral
C00261,Arjun Gupta,Chennai,2025-11-16,Google Ads
C00262,Ananya Mishra,Delhi,2025-05-14,Google Ads
C00263,Ananya Mishra,Noida,2025-08-03,Instagram Ads
C00264,Neha Singh,Delhi,2024-05-23,Referral
C00265,Sneha Patel,Noida,2025-01-27,Referral
C00266,Amit Kumar,Chennai,2024-03-20,WhatsApp Campaign
C00267,Rohan Agarwal,Hyderabad,2025-10-07,Instagram Ads
C00268,Rohan Agarwal,Delhi,2025-04-07,Google Ads
C00269,Amit Kumar,Chennai,2024-11-01,Instagram Ads
C00270,Neha Singh,Delhi,2025-01-06,Instagram Ads
C00271,Amit Kumar,Chennai,2025-10-19,Google Ads
C00272,Sneha Patel,Bengaluru,2024-07-31,Google Ads
C00273,Arjun Gupta,Hyderabad,2024-09-30,Organic
C00274,Neha Singh,Chennai,2024-05-31,WhatsApp Campaign
C00275,Amit Kumar,Gurugram,2025-11-21,Organic
C00276,Ananya Mishra,Chennai,2025-01-03,WhatsApp Campaign
C00277,Arjun Gupta,Pune,2024-09-30,WhatsApp Campaign
C00278,Neha Singh,Hyderabad,2025-08-28,WhatsApp Campaign
C00279,Rahul Sharma,Mumbai,2024-02-14,Google Ads
C00280,Rahul Sharma,Delhi,2025-09-11,WhatsApp Campaign
C00281,Ananya Mishra,Bengaluru,2024-12-06,Instagram Ads
C00282,Rahul Sharma,Pune,2024-07-09,Google Ads
C00283,Rahul Sharma,Bengaluru,2025-04-17,Referral
C00284,Ananya Mishra,Chennai,2025-07-18,Instagram Ads
C00285,Rahul Sharma,Noida,2024-07-22,WhatsApp Campaign
C00286,Priya Verma,Pune,2025-09-15,Referral
C00287,Priya Verma,Noida,2025-05-08,Instagram Ads
C00288,Amit Kumar,Gurugram,2024-05-06,Google Ads
C00289,Arjun Gupta,Mumbai,2025-03-21,Referral
C00290,Ananya Mishra,Gurugram,2025-04-29,Referral
C00291,Amit Kumar,Noida,2024-03-24,Instagram Ads
C00292,Arjun Gupta,Gurugram,2024-04-19,Google Ads
C00293,Priya Verma,Delhi,2024-12-15,Instagram Ads
C00294,Sneha Patel,Mumbai,2024-04-03,Google Ads
C00295,Rohan Agarwal,Gurugram,2025-09-29,Organic
C00296,Priya Verma,Pune,2025-11-29,WhatsApp Campaign
C00297,Sneha Patel,Pune,2024-04-21,WhatsApp Campaign
C00298,Amit Kumar,Pune,2025-04-27,Organic
C00299,Rohan Agarwal,Bengaluru,2024-12-01,Google Ads
C00300,Amit Kumar,Chennai,2025-07-03,Organic
C00301,Rahul Sharma,Mumbai,2024-04-14,Google Ads
C00302,Arjun Gupta,Pune,2024-12-28,Instagram Ads
C00303,Amit Kumar,Chennai,2024-01-01,Referral
C00304,Sneha Patel,Pune,2024-08-05,Instagram Ads
C00305,Sneha Patel,Chennai,2024-11-03,WhatsApp Campaign
C00306,Amit Kumar,Bengaluru,2025-05-27,Google Ads
C00307,Priya Verma,Mumbai,2025-04-07,WhatsApp Campaign
C00308,Rahul Sharma,Gurugram,2025-02-16,WhatsApp Campaign
C00309,Rahul Sharma,Hyderabad,2025-02-01,WhatsApp Campaign
C00310,Sneha Patel,Hyderabad,2025-05-15,WhatsApp Campaign
C00311,Priya Verma,Delhi,2024-06-15,Organic
C00312,Arjun Gupta,Hyderabad,2024-07-27,WhatsApp Campaign
C00313,Neha Singh,Pune,2025-02-03,Instagram Ads
C00314,Arjun Gupta,Gurugram,2025-07-16,WhatsApp Campaign
C00315,Rahul Sharma,Gurugram,2024-07-03,Instagram Ads
C00316,Neha Singh,Pune,2025-10-21,Organic
C00317,Amit Kumar,Bengaluru,2024-11-08,Google Ads
C00318,Amit Kumar,Delhi,2025-11-26,Referral
C00319,Rahul Sharma,Chennai,2024-02-04,WhatsApp Campaign
C00320,Sneha Patel,Bengaluru,2025-06-30,Organic
C00321,Sneha Patel,Noida,2025-09-03,Referral
C00322,Rahul Sharma,Hyderabad,2025-06-14,Instagram Ads
C00323,Ananya Mishra,Pune,2024-06-18,Instagram Ads
C00324,Arjun Gupta,Bengaluru,2024-07-14,WhatsApp Campaign
C00325,Amit Kumar,Chennai,2024-07-02,Instagram Ads
C00326,Arjun Gupta,Delhi,2025-06-05,Instagram Ads
C00327,Neha Singh,Pune,2024-11-01,WhatsApp Campaign
C00328,Amit Kumar,Pune,2024-05-11,Organic
C00329,Ananya Mishra,Delhi,2025-06-28,WhatsApp Campaign
C00330,Amit Kumar,Pune,2024-07-02,Organic
C00331,Arjun Gupta,Chennai,2025-06-16,Organic
C00332,Neha Singh,Gurugram,2024-01-19,WhatsApp Campaign
C00333,Neha Singh,Bengaluru,2024-12-01,WhatsApp Campaign
C00334,Amit Kumar,Gurugram,2024-09-11,Organic
C00335,Neha Singh,Pune,2025-03-04,Google Ads
C00336,Ananya Mishra,Bengaluru,2025-06-08,Organic
C00337,Rahul Sharma,Noida,2024-11-09,Instagram Ads
C00338,Amit Kumar,Pune,2024-11-02,Instagram Ads
C00339,Arjun Gupta,Bengaluru,2024-04-07,Google Ads
C00340,Sneha Patel,Gurugram,2024-07-20,Google Ads
C00341,Priya Verma,Hyderabad,2024-10-08,Organic
C00342,Arjun Gupta,Mumbai,2025-02-14,Referral
C00343,Amit Kumar,Delhi,2025-01-04,Google Ads
C00344,Rahul Sharma,Pune,2025-11-23,Google Ads
C00345,Amit Kumar,Bengaluru,2025-05-09,Instagram Ads
C00346,Sneha Patel,Hyderabad,2024-04-27,Google Ads
C00347,Rahul Sharma,Delhi,2024-01-06,WhatsApp Campaign
C00348,Amit Kumar,Bengaluru,2024-01-21,WhatsApp Campaign
C00349,Neha Singh,Bengaluru,2025-04-05,Instagram Ads
C00350,Ananya Mishra,Hyderabad,2024-08-17,Google Ads
C00351,Neha Singh,Delhi,2025-07-29,Instagram Ads
C00352,Ananya Mishra,Bengaluru,2024-03-27,Organic
C00353,Ananya Mishra,Gurugram,2024-01-24,Organic
C00354,Rahul Sharma,Gurugram,2025-06-02,Instagram Ads
C00355,Rohan Agarwal,Noida,2024-05-16,WhatsApp Campaign
C00356,Neha Singh,Bengaluru,2024-07-15,Google Ads
C00357,Rohan Agarwal,Noida,2024-07-11,WhatsApp Campaign
C00358,Sneha Patel,Gurugram,2025-09-02,Referral
C00359,Rohan Agarwal,Chennai,2025-10-13,WhatsApp Campaign
C00360,Ananya Mishra,Bengaluru,2024-02-27,WhatsApp Campaign
C00361,Rahul Sharma,Noida,2024-03-03,Instagram Ads
C00362,Rohan Agarwal,Noida,2024-11-18,Instagram Ads
C00363,Arjun Gupta,Hyderabad,2025-10-21,Organic
C00364,Priya Verma,Noida,2025-09-07,Referral
C00365,Arjun Gupta,Bengaluru,2024-01-04,WhatsApp Campaign
C00366,Rahul Sharma,Delhi,2024-11-06,Instagram Ads
C00367,Amit Kumar,Noida,2024-03-17,Organic
C00368,Priya Verma,Noida,2024-11-22,Organic
C00369,Priya Verma,Delhi,2024-06-27,Organic
C00370,Neha Singh,Noida,2025-05-21,WhatsApp Campaign
C00371,Priya Verma,Gurugram,2024-06-07,Instagram Ads
C00372,Neha Singh,Pune,2025-06-25,WhatsApp Campaign
C00373,Ananya Mishra,Bengaluru,2025-03-14,Referral
C00374,Ananya Mishra,Hyderabad,2025-09-25,WhatsApp Campaign
C00375,Ananya Mishra,Delhi,2025-04-22,WhatsApp Campaign
C00376,Rohan Agarwal,Chennai,2025-09-22,WhatsApp Campaign
C00377,Priya Verma,Bengaluru,2024-05-08,WhatsApp Campaign
C00378,Priya Verma,Gurugram,2024-11-29,Google Ads
C00379,Priya Verma,Delhi,2024-03-06,Instagram Ads
C00380,Ananya Mishra,Chennai,2025-06-09,Google Ads
C00381,Ananya Mishra,Chennai,2025-04-28,Organic
C00382,Rahul Sharma,Mumbai,2024-07-26,Google Ads
C00383,Arjun Gupta,Delhi,2024-12-10,Referral
C00384,Rahul Sharma,Hyderabad,2024-11-20,Instagram Ads
C00385,Ananya Mishra,Chennai,2025-05-27,Referral
C00386,Amit Kumar,Hyderabad,2025-03-30,Instagram Ads
C00387,Arjun Gupta,Mumbai,2024-04-04,Referral
C00388,Rohan Agarwal,Bengaluru,2024-05-10,Google Ads
C00389,Priya Verma,Noida,2025-09-01,WhatsApp Campaign
C00390,Priya Verma,Gurugram,2025-01-29,Instagram Ads
C00391,Amit Kumar,Pune,2025-07-19,Referral
C00392,Rohan Agarwal,Bengaluru,2025-01-04,Google Ads
C00393,Sneha Patel,Pune,2025-03-01,WhatsApp Campaign
C00394,Rohan Agarwal,Hyderabad,2025-08-10,Referral
C00395,Arjun Gupta,Hyderabad,2024-04-08,WhatsApp Campaign
C00396,Priya Verma,Mumbai,2025-02-13,WhatsApp Campaign
C00397,Amit Kumar,Gurugram,2025-08-06,Organic
C00398,Rahul Sharma,Gurugram,2025-07-23,Organic
C00399,Rahul Sharma,Hyderabad,2025-01-12,Organic
C00400,Rohan Agarwal,Pune,2024-11-17,Google Ads
C00401,Amit Kumar,Bengaluru,2024-09-27,WhatsApp Campaign
C00402,Arjun Gupta,Chennai,2025-09-01,Instagram Ads
C00403,Sneha Patel,Noida,2024-01-14,WhatsApp Campaign
C00404,Neha Singh,Delhi,2024-03-27,Referral
C00405,Ananya Mishra,Chennai,2024-11-26,WhatsApp Campaign
C00406,Priya Verma,Delhi,2024-06-11,Google Ads
C00407,Ananya Mishra,Chennai,2025-05-03,Google Ads
C00408,Rahul Sharma,Bengaluru,2025-02-26,Google Ads
C00409,Rohan Agarwal,Chennai,2024-04-19,Referral
C00410,Neha Singh,Hyderabad,2024-07-09,Referral
C00411,Rohan Agarwal,Delhi,2025-01-12,WhatsApp Campaign
C00412,Sneha Patel,Gurugram,2025-07-19,Organic
C00413,Neha Singh,Bengaluru,2024-12-07,Instagram Ads
C00414,Neha Singh,Delhi,2025-01-11,Instagram Ads
C00415,Rohan Agarwal,Mumbai,2024-02-01,Referral
C00416,Sneha Patel,Delhi,2025-02-04,Google Ads
C00417,Sneha Patel,Mumbai,2025-11-21,Organic
C00418,Neha Singh,Chennai,2025-04-25,Google Ads
C00419,Amit Kumar,Pune,2024-09-10,Google Ads
C00420,Priya Verma,Bengaluru,2025-11-14,Organic
C00421,Amit Kumar,Mumbai,2024-02-24,Instagram Ads
C00422,Sneha Patel,Noida,2025-07-05,Instagram Ads
C00423,Amit Kumar,Delhi,2025-06-02,Google Ads
C00424,Sneha Patel,Noida,2025-08-26,Google Ads
C00425,Neha Singh,Noida,2024-01-15,Instagram Ads
C00426,Rahul Sharma,Chennai,2025-03-05,Google Ads
C00427,Amit Kumar,Pune,2024-11-23,Referral
C00428,Sneha Patel,Delhi,2025-07-15,Instagram Ads
C00429,Ananya Mishra,Chennai,2024-08-10,Google Ads
C00430,Rohan Agarwal,Delhi,2025-05-29,Referral
C00431,Amit Kumar,Delhi,2025-04-06,Organic
C00432,Rahul Sharma,Mumbai,2024-06-29,WhatsApp Campaign
C00433,Neha Singh,Delhi,2024-02-14,Instagram Ads
C00434,Amit Kumar,Pune,2024-10-07,WhatsApp Campaign
C00435,Amit Kumar,Bengaluru,2024-11-19,Referral
C00436,Ananya Mishra,Mumbai,2024-05-11,Instagram Ads
C00437,Ananya Mishra,Bengaluru,2025-10-27,Google Ads
C00438,Neha Singh,Gurugram,2024-04-20,Instagram Ads
C00439,Arjun Gupta,Delhi,2025-08-03,Referral
C00440,Priya Verma,Noida,2024-11-27,Google Ads
C00441,Neha Singh,Gurugram,2025-03-03,Instagram Ads
C00442,Rahul Sharma,Hyderabad,2024-03-07,WhatsApp Campaign
C00443,Sneha Patel,Delhi,2024-09-24,WhatsApp Campaign
C00444,Neha Singh,Noida,2024-09-28,Google Ads
C00445,Rahul Sharma,Mumbai,2025-02-01,WhatsApp Campaign
C00446,Ananya Mishra,Hyderabad,2024-01-31,Instagram Ads
C00447,Ananya Mishra,Chennai,2025-07-26,Organic
C00448,Rahul Sharma,Delhi,2024-01-18,Referral
C00449,Rahul Sharma,Bengaluru,2024-08-23,Organic
C00450,Priya Verma,Pune,2024-11-05,WhatsApp Campaign
C00451,Neha Singh,Noida,2024-01-18,Google Ads
C00452,Ananya Mishra,Pune,2025-11-29,Instagram Ads
C00453,Rohan Agarwal,Gurugram,2024-10-15,Instagram Ads
C00454,Arjun Gupta,Mumbai,2025-04-14,Organic
C00455,Neha Singh,Noida,2024-07-27,Google Ads
C00456,Rahul Sharma,Gurugram,2024-10-21,Instagram Ads
C00457,Priya Verma,Mumbai,2024-09-25,Instagram Ads
C00458,Rahul Sharma,Pune,2024-07-19,WhatsApp Campaign
C00459,Amit Kumar,Mumbai,2025-03-29,Instagram Ads
C00460,Rahul Sharma,Bengaluru,2025-10-06,Instagram Ads
C00461,Rohan Agarwal,Pune,2024-05-23,Google Ads
C00462,Neha Singh,Chennai,2024-06-01,Organic
C00463,Rohan Agarwal,Noida,2025-01-05,WhatsApp Campaign
C00464,Rahul Sharma,Gurugram,2025-03-20,Organic
C00465,Priya Verma,Bengaluru,2025-07-05,WhatsApp Campaign
C00466,Priya Verma,Chennai,2024-07-16,Google Ads
C00467,Rahul Sharma,Gurugram,2025-01-28,Google Ads
C00468,Rahul Sharma,Chennai,2024-03-28,WhatsApp Campaign
C00469,Neha Singh,Bengaluru,2024-09-04,Referral
C00470,Ananya Mishra,Mumbai,2025-10-22,Organic
C00471,Amit Kumar,Bengaluru,2025-02-15,Google Ads
C00472,Rahul Sharma,Gurugram,2024-10-31,Referral
C00473,Priya Verma,Delhi,2025-04-06,Referral
C00474,Ananya Mishra,Noida,2025-11-22,WhatsApp Campaign
C00475,Priya Verma,Delhi,2025-02-10,WhatsApp Campaign
C00476,Amit Kumar,Gurugram,2025-02-23,WhatsApp Campaign
C00477,Amit Kumar,Hyderabad,2025-03-19,Referral
C00478,Ananya Mishra,Noida,2025-07-15,Instagram Ads
C00479,Neha Singh,Noida,2025-07-26,Google Ads
C00480,Ananya Mishra,Noida,2024-07-19,Instagram Ads
C00481,Priya Verma,Bengaluru,2024-06-22,Organic
C00482,Rahul Sharma,Hyderabad,2024-08-28,WhatsApp Campaign
C00483,Sneha Patel,Delhi,2024-06-19,Organic
C00484,Sneha Patel,Pune,2024-10-28,WhatsApp Campaign
C00485,Arjun Gupta,Noida,2025-03-02,Organic
C00486,Rohan Agarwal,Delhi,2024-03-10,Referral
C00487,Ananya Mishra,Noida,2024-04-06,Instagram Ads
C00488,Arjun Gupta,Delhi,2025-08-17,WhatsApp Campaign
C00489,Amit Kumar,Pune,2024-03-18,Organic
C00490,Neha Singh,Bengaluru,2025-04-28,Instagram Ads
C00491,Ananya Mishra,Noida,2024-03-14,WhatsApp Campaign
C00492,Sneha Patel,Chennai,2024-02-17,Google Ads
C00493,Neha Singh,Mumbai,2025-05-25,Instagram Ads
C00494,Ananya Mishra,Gurugram,2024-04-28,Organic
C00495,Rahul Sharma,Delhi,2024-12-19,Google Ads
C00496,Sneha Patel,Noida,2025-03-02,Organic
C00497,Sneha Patel,Chennai,2024-04-11,Instagram Ads
C00498,Sneha Patel,Mumbai,2025-06-16,Google Ads
C00499,Rohan Agarwal,Mumbai,2024-10-17,Instagram Ads
C00500,Amit Kumar,Bengaluru,2025-01-26,Referral
C00501,Neha Singh,Pune,2025-03-14,Google Ads
C00502,Rohan Agarwal,Gurugram,2025-05-10,Google Ads
C00503,Arjun Gupta,Bengaluru,2024-05-17,Organic
C00504,Ananya Mishra,Pune,2024-02-10,Organic
C00505,Rahul Sharma,Gurugram,2025-01-19,Referral
C00506,Neha Singh,Pune,2024-07-14,Google Ads
C00507,Rahul Sharma,Delhi,2024-01-18,Organic
C00508,Sneha Patel,Bengaluru,2025-03-12,Instagram Ads
C00509,Ananya Mishra,Gurugram,2025-07-23,WhatsApp Campaign
C00510,Neha Singh,Noida,2024-04-03,Referral
C00511,Rahul Sharma,Chennai,2024-08-21,Referral
C00512,Rahul Sharma,Mumbai,2024-08-18,Google Ads
C00513,Neha Singh,Noida,2024-05-11,Organic
C00514,Arjun Gupta,Bengaluru,2025-11-12,Instagram Ads
C00515,Amit Kumar,Hyderabad,2024-01-04,Referral
C00516,Rahul Sharma,Chennai,2024-07-03,Google Ads
C00517,Ananya Mishra,Mumbai,2025-09-01,WhatsApp Campaign
C00518,Sneha Patel,Delhi,2024-09-17,Google Ads
C00519,Rohan Agarwal,Pune,2025-01-07,Instagram Ads
C00520,Priya Verma,Chennai,2025-05-18,WhatsApp Campaign
C00521,Priya Verma,Pune,2024-08-15,Google Ads
C00522,Priya Verma,Chennai,2025-02-11,Referral
C00523,Ananya Mishra,Mumbai,2025-08-25,Organic
C00524,Amit Kumar,Gurugram,2025-05-24,Referral
C00525,Amit Kumar,Hyderabad,2024-11-29,Instagram Ads
C00526,Rahul Sharma,Mumbai,2024-04-27,Google Ads
C00527,Sneha Patel,Delhi,2024-08-31,Organic
C00528,Priya Verma,Mumbai,2024-03-07,Instagram Ads
C00529,Sneha Patel,Pune,2024-05-16,Google Ads
C00530,Priya Verma,Bengaluru,2025-01-03,Organic
C00531,Priya Verma,Bengaluru,2024-06-18,Instagram Ads
C00532,Rahul Sharma,Chennai,2024-05-02,Google Ads
C00533,Priya Verma,Gurugram,2024-07-26,Organic
C00534,Rahul Sharma,Delhi,2024-06-29,WhatsApp Campaign
C00535,Priya Verma,Gurugram,2025-10-11,Organic
C00536,Priya Verma,Gurugram,2024-06-05,WhatsApp Campaign
C00537,Sneha Patel,Pune,2024-10-01,Referral
C00538,Neha Singh,Chennai,2025-11-12,Organic
C00539,Arjun Gupta,Delhi,2025-07-29,WhatsApp Campaign
C00540,Priya Verma,Hyderabad,2025-06-29,WhatsApp Campaign
C00541,Ananya Mishra,Delhi,2025-06-18,Google Ads
C00542,Sneha Patel,Pune,2025-07-27,WhatsApp Campaign
C00543,Priya Verma,Noida,2025-10-21,Referral
C00544,Ananya Mishra,Delhi,2024-04-17,Instagram Ads
C00545,Rohan Agarwal,Mumbai,2024-06-09,WhatsApp Campaign
C00546,Ananya Mishra,Pune,2025-10-05,Google Ads
C00547,Neha Singh,Hyderabad,2024-10-13,Instagram Ads
C00548,Rohan Agarwal,Hyderabad,2024-08-11,Organic
C00549,Rohan Agarwal,Chennai,2025-09-09,Google Ads
C00550,Priya Verma,Noida,2025-04-03,Instagram Ads
C00551,Ananya Mishra,Gurugram,2024-07-08,WhatsApp Campaign
C00552,Arjun Gupta,Noida,2025-06-25,Referral
C00553,Priya Verma,Delhi,2024-04-14,Instagram Ads
C00554,Rohan Agarwal,Delhi,2025-04-03,WhatsApp Campaign
C00555,Amit Kumar,Mumbai,2024-06-20,Referral
C00556,Arjun Gupta,Hyderabad,2024-06-29,Instagram Ads
C00557,Sneha Patel,Gurugram,2024-03-20,Organic
C00558,Amit Kumar,Pune,2024-07-22,Google Ads
C00559,Rohan Agarwal,Gurugram,2025-03-21,Google Ads
C00560,Arjun Gupta,Noida,2025-05-31,Referral
C00561,Ananya Mishra,Hyderabad,2025-04-15,Referral
C00562,Ananya Mishra,Noida,2025-01-18,Instagram Ads
C00563,Arjun Gupta,Delhi,2025-03-23,Google Ads
C00564,Neha Singh,Pune,2024-09-19,Instagram Ads
C00565,Ananya Mishra,Pune,2024-06-07,Google Ads
C00566,Arjun Gupta,Bengaluru,2024-10-19,Organic
C00567,Ananya Mishra,Mumbai,2025-07-07,Google Ads
C00568,Ananya Mishra,Noida,2025-06-03,Organic
C00569,Priya Verma,Mumbai,2024-10-21,Google Ads
C00570,Sneha Patel,Noida,2024-09-06,Google Ads
C00571,Rahul Sharma,Chennai,2024-01-16,WhatsApp Campaign
C00572,Ananya Mishra,Mumbai,2025-07-12,Instagram Ads
C00573,Ananya Mishra,Hyderabad,2024-07-10,Organic
C00574,Rahul Sharma,Bengaluru,2025-07-27,Organic
C00575,Amit Kumar,Mumbai,2025-04-04,Instagram Ads
C00576,Sneha Patel,Delhi,2024-04-13,Google Ads
C00577,Neha Singh,Bengaluru,2025-01-28,Organic
C00578,Sneha Patel,Noida,2024-08-26,Instagram Ads
C00579,Sneha Patel,Noida,2025-01-26,Instagram Ads
C00580,Ananya Mishra,Hyderabad,2025-01-07,WhatsApp Campaign
C00581,Rahul Sharma,Gurugram,2024-06-20,Instagram Ads
C00582,Rohan Agarwal,Delhi,2025-08-06,Referral
C00583,Priya Verma,Bengaluru,2024-05-25,Google Ads
C00584,Arjun Gupta,Gurugram,2025-11-15,Organic
C00585,Rohan Agarwal,Mumbai,2024-01-07,Referral
C00586,Rahul Sharma,Gurugram,2025-05-12,Instagram Ads
C00587,Amit Kumar,Gurugram,2025-11-29,WhatsApp Campaign
C00588,Ananya Mishra,Noida,2025-10-18,WhatsApp Campaign
C00589,Rahul Sharma,Noida,2024-07-17,Organic
C00590,Rohan Agarwal,Pune,2025-07-29,Google Ads
C00591,Priya Verma,Gurugram,2024-07-31,Organic
C00592,Priya Verma,Mumbai,2025-03-06,Organic
C00593,Ananya Mishra,Hyderabad,2024-01-11,Referral
C00594,Arjun Gupta,Hyderabad,2025-10-10,WhatsApp Campaign
C00595,Rahul Sharma,Gurugram,2025-08-14,Instagram Ads
C00596,Ananya Mishra,Bengaluru,2024-06-02,WhatsApp Campaign
C00597,Sneha Patel,Gurugram,2025-07-08,Google Ads
C00598,Priya Verma,Hyderabad,2024-11-26,Google Ads
C00599,Neha Singh,Bengaluru,2024-02-12,Google Ads
C00600,Arjun Gupta,Mumbai,2024-12-06,Organic
C00601,Amit Kumar,Bengaluru,2025-01-23,Instagram Ads
C00602,Neha Singh,Delhi,2024-10-17,Instagram Ads
C00603,Sneha Patel,Pune,2024-01-09,Referral
C00604,Arjun Gupta,Mumbai,2024-05-02,WhatsApp Campaign
C00605,Sneha Patel,Mumbai,2025-06-25,Referral
C00606,Rahul Sharma,Gurugram,2024-09-11,Referral
C00607,Priya Verma,Noida,2024-05-04,Referral
C00608,Ananya Mishra,Pune,2025-03-22,Referral
C00609,Rahul Sharma,Mumbai,2025-03-20,Instagram Ads
C00610,Rahul Sharma,Delhi,2025-07-08,Referral
C00611,Neha Singh,Mumbai,2025-02-07,Instagram Ads
C00612,Neha Singh,Chennai,2025-08-23,Organic
C00613,Sneha Patel,Delhi,2024-07-15,Organic
C00614,Priya Verma,Noida,2025-07-14,WhatsApp Campaign
C00615,Rohan Agarwal,Hyderabad,2024-06-03,Google Ads
C00616,Amit Kumar,Mumbai,2025-09-20,Organic
C00617,Arjun Gupta,Chennai,2024-07-20,Google Ads
C00618,Priya Verma,Mumbai,2025-05-14,Referral
C00619,Priya Verma,Mumbai,2025-08-15,Organic
C00620,Ananya Mishra,Delhi,2025-07-27,Referral
C00621,Amit Kumar,Delhi,2024-07-24,Referral
C00622,Ananya Mishra,Hyderabad,2024-06-01,WhatsApp Campaign
C00623,Rahul Sharma,Noida,2024-05-05,Instagram Ads
C00624,Sneha Patel,Mumbai,2024-10-30,WhatsApp Campaign
C00625,Ananya Mishra,Hyderabad,2025-10-25,WhatsApp Campaign
C00626,Amit Kumar,Noida,2025-02-03,Organic
C00627,Arjun Gupta,Hyderabad,2024-10-27,WhatsApp Campaign
C00628,Rahul Sharma,Pune,2025-06-06,Referral
C00629,Ananya Mishra,Delhi,2025-04-21,Instagram Ads
C00630,Arjun Gupta,Bengaluru,2024-09-15,Instagram Ads
C00631,Neha Singh,Chennai,2024-07-11,WhatsApp Campaign
C00632,Rohan Agarwal,Noida,2025-03-25,Instagram Ads
C00633,Priya Verma,Gurugram,2025-07-30,Google Ads
C00634,Priya Verma,Bengaluru,2025-11-11,WhatsApp Campaign
C00635,Rahul Sharma,Noida,2024-09-27,Referral
C00636,Rahul Sharma,Bengaluru,2024-11-29,Organic
C00637,Arjun Gupta,Hyderabad,2025-06-28,Organic
C00638,Amit Kumar,Delhi,2025-11-17,Referral
C00639,Rohan Agarwal,Chennai,2025-10-11,Google Ads
C00640,Neha Singh,Hyderabad,2025-08-29,WhatsApp Campaign
C00641,Rohan Agarwal,Mumbai,2025-10-20,Referral
C00642,Ananya Mishra,Gurugram,2025-11-30,Instagram Ads
C00643,Arjun Gupta,Chennai,2024-04-07,Instagram Ads
C00644,Rahul Sharma,Pune,2025-01-20,Google Ads
C00645,Arjun Gupta,Mumbai,2025-08-12,Organic
C00646,Amit Kumar,Pune,2025-01-04,Referral
C00647,Sneha Patel,Mumbai,2025-11-28,WhatsApp Campaign
C00648,Amit Kumar,Mumbai,2025-05-25,WhatsApp Campaign
C00649,Priya Verma,Hyderabad,2025-09-23,Google Ads
C00650,Rohan Agarwal,Hyderabad,2024-08-03,Google Ads
C00651,Rahul Sharma,Mumbai,2025-10-04,Referral
C00652,Sneha Patel,Bengaluru,2025-07-09,Referral
C00653,Arjun Gupta,Bengaluru,2024-11-05,Instagram Ads
C00654,Neha Singh,Pune,2024-06-02,Referral
C00655,Rohan Agarwal,Noida,2024-10-15,Instagram Ads
C00656,Rahul Sharma,Gurugram,2025-06-27,Google Ads
C00657,Arjun Gupta,Pune,2025-02-27,WhatsApp Campaign
C00658,Rohan Agarwal,Chennai,2024-11-03,Referral
C00659,Priya Verma,Noida,2025-05-11,Instagram Ads
C00660,Amit Kumar,Mumbai,2025-11-16,WhatsApp Campaign
C00661,Ananya Mishra,Mumbai,2024-12-06,WhatsApp Campaign
C00662,Ananya Mishra,Bengaluru,2024-03-13,Google Ads
C00663,Ananya Mishra,Pune,2024-05-04,Google Ads
C00664,Amit Kumar,Mumbai,2024-07-30,Instagram Ads
C00665,Sneha Patel,Noida,2025-06-22,WhatsApp Campaign
C00666,Rahul Sharma,Chennai,2024-08-26,WhatsApp Campaign
C00667,Sneha Patel,Delhi,2025-11-15,Referral
C00668,Priya Verma,Noida,2025-07-05,WhatsApp Campaign
C00669,Neha Singh,Bengaluru,2025-05-05,Google Ads
C00670,Arjun Gupta,Hyderabad,2024-04-12,WhatsApp Campaign
C00671,Sneha Patel,Chennai,2024-02-07,WhatsApp Campaign
C00672,Amit Kumar,Delhi,2025-07-31,Referral
C00673,Rohan Agarwal,Pune,2025-09-04,Referral
C00674,Neha Singh,Hyderabad,2025-08-15,WhatsApp Campaign
C00675,Amit Kumar,Noida,2025-11-07,Referral
C00676,Rohan Agarwal,Delhi,2025-03-17,Organic
C00677,Sneha Patel,Noida,2024-03-20,Google Ads
C00678,Sneha Patel,Chennai,2024-01-27,WhatsApp Campaign
C00679,Amit Kumar,Mumbai,2025-04-21,WhatsApp Campaign
C00680,Rohan Agarwal,Mumbai,2024-10-09,Organic
C00681,Ananya Mishra,Pune,2025-02-05,Organic
C00682,Neha Singh,Pune,2025-03-09,WhatsApp Campaign
C00683,Amit Kumar,Delhi,2025-02-28,Instagram Ads
C00684,Amit Kumar,Chennai,2024-10-12,Organic
C00685,Sneha Patel,Delhi,2024-01-31,Instagram Ads
C00686,Neha Singh,Pune,2025-09-15,Organic
C00687,Sneha Patel,Chennai,2025-01-16,Google Ads
C00688,Arjun Gupta,Bengaluru,2025-01-05,Organic
C00689,Priya Verma,Pune,2025-07-19,WhatsApp Campaign
C00690,Sneha Patel,Delhi,2024-08-25,Organic
C00691,Arjun Gupta,Gurugram,2025-06-28,Google Ads
C00692,Rahul Sharma,Pune,2024-06-13,Google Ads
C00693,Neha Singh,Delhi,2025-09-12,Google Ads
C00694,Sneha Patel,Chennai,2024-03-28,Instagram Ads
C00695,Ananya Mishra,Noida,2025-06-10,WhatsApp Campaign
C00696,Amit Kumar,Bengaluru,2024-08-25,Instagram Ads
C00697,Rahul Sharma,Gurugram,2024-06-26,Referral
C00698,Arjun Gupta,Delhi,2024-08-30,WhatsApp Campaign
C00699,Ananya Mishra,Gurugram,2025-02-16,WhatsApp Campaign
C00700,Ananya Mishra,Delhi,2025-04-29,Referral
C00701,Priya Verma,Chennai,2025-09-21,Google Ads
C00702,Rahul Sharma,Hyderabad,2025-04-22,WhatsApp Campaign
C00703,Ananya Mishra,Mumbai,2024-07-07,Instagram Ads
C00704,Priya Verma,Mumbai,2025-08-23,Instagram Ads
C00705,Rahul Sharma,Chennai,2025-05-27,Organic
C00706,Ananya Mishra,Pune,2025-08-28,WhatsApp Campaign
C00707,Arjun Gupta,Hyderabad,2025-04-22,Referral
C00708,Amit Kumar,Noida,2024-02-07,WhatsApp Campaign
C00709,Neha Singh,Delhi,2025-05-03,Instagram Ads
C00710,Ananya Mishra,Chennai,2025-06-15,Organic
C00711,Rahul Sharma,Noida,2024-12-06,WhatsApp Campaign
C00712,Rohan Agarwal,Mumbai,2025-07-27,Instagram Ads
C00713,Ananya Mishra,Delhi,2024-01-11,Organic
C00714,Ananya Mishra,Bengaluru,2025-02-25,Google Ads
C00715,Rahul Sharma,Pune,2024-02-19,WhatsApp Campaign
C00716,Sneha Patel,Bengaluru,2024-08-21,WhatsApp Campaign
C00717,Rohan Agarwal,Gurugram,2025-06-16,Instagram Ads
C00718,Sneha Patel,Hyderabad,2025-09-04,WhatsApp Campaign
C00719,Neha Singh,Pune,2025-11-21,Google Ads
C00720,Rohan Agarwal,Chennai,2024-09-27,Referral
C00721,Rohan Agarwal,Chennai,2024-05-22,Referral
C00722,Priya Verma,Hyderabad,2025-11-05,Referral
C00723,Sneha Patel,Gurugram,2024-06-02,Referral
C00724,Rahul Sharma,Bengaluru,2024-06-01,Instagram Ads
C00725,Amit Kumar,Hyderabad,2025-04-27,WhatsApp Campaign
C00726,Rahul Sharma,Gurugram,2025-11-18,Google Ads
C00727,Priya Verma,Bengaluru,2024-10-04,WhatsApp Campaign
C00728,Arjun Gupta,Hyderabad,2025-11-08,Instagram Ads
C00729,Sneha Patel,Noida,2025-10-08,Referral
C00730,Neha Singh,Bengaluru,2024-08-11,Google Ads
C00731,Amit Kumar,Hyderabad,2024-02-10,WhatsApp Campaign
C00732,Neha Singh,Gurugram,2024-04-11,Referral
C00733,Amit Kumar,Delhi,2024-04-20,WhatsApp Campaign
C00734,Rohan Agarwal,Delhi,2024-02-03,WhatsApp Campaign
C00735,Ananya Mishra,Mumbai,2024-09-12,Organic
C00736,Amit Kumar,Hyderabad,2024-11-01,Instagram Ads
C00737,Rahul Sharma,Pune,2024-07-04,Google Ads
C00738,Arjun Gupta,Bengaluru,2025-06-20,Organic
C00739,Sneha Patel,Mumbai,2024-04-22,Google Ads
C00740,Sneha Patel,Gurugram,2024-07-18,WhatsApp Campaign
C00741,Amit Kumar,Gurugram,2024-04-09,WhatsApp Campaign
C00742,Sneha Patel,Mumbai,2024-02-13,Referral
C00743,Neha Singh,Noida,2024-03-25,WhatsApp Campaign
C00744,Rahul Sharma,Bengaluru,2024-01-17,Google Ads
C00745,Rohan Agarwal,Chennai,2024-10-10,Google Ads
C00746,Rohan Agarwal,Gurugram,2024-09-04,Google Ads
C00747,Amit Kumar,Bengaluru,2024-03-18,Google Ads
C00748,Ananya Mishra,Chennai,2025-05-02,Instagram Ads
C00749,Rahul Sharma,Delhi,2024-07-19,Google Ads
C00750,Amit Kumar,Bengaluru,2025-03-12,Instagram Ads
C00751,Arjun Gupta,Noida,2025-05-12,Referral
C00752,Arjun Gupta,Bengaluru,2024-07-01,Google Ads
C00753,Neha Singh,Chennai,2025-03-12,Referral
C00754,Neha Singh,Noida,2025-03-06,Organic
C00755,Rohan Agarwal,Noida,2024-03-27,Google Ads
C00756,Rahul Sharma,Noida,2024-09-05,Instagram Ads
C00757,Ananya Mishra,Hyderabad,2025-09-13,Instagram Ads
C00758,Arjun Gupta,Chennai,2024-01-16,Google Ads
C00759,Sneha Patel,Noida,2025-09-08,Referral
C00760,Neha Singh,Gurugram,2024-11-10,Instagram Ads
C00761,Ananya Mishra,Gurugram,2025-05-02,Organic
C00762,Rahul Sharma,Gurugram,2025-06-06,Organic
C00763,Neha Singh,Bengaluru,2024-07-19,Google Ads
C00764,Priya Verma,Pune,2024-03-20,Organic
C00765,Ananya Mishra,Hyderabad,2025-05-28,WhatsApp Campaign
C00766,Arjun Gupta,Mumbai,2024-09-16,Instagram Ads
C00767,Priya Verma,Gurugram,2024-10-21,Referral
C00768,Ananya Mishra,Hyderabad,2025-07-29,Google Ads
C00769,Sneha Patel,Mumbai,2024-09-29,Referral
C00770,Amit Kumar,Pune,2024-02-26,Google Ads
C00771,Amit Kumar,Bengaluru,2025-06-19,Organic
C00772,Rahul Sharma,Noida,2025-03-09,WhatsApp Campaign
C00773,Ananya Mishra,Hyderabad,2025-06-02,Google Ads
C00774,Priya Verma,Chennai,2024-11-16,Instagram Ads
C00775,Arjun Gupta,Gurugram,2024-06-12,WhatsApp Campaign
C00776,Neha Singh,Mumbai,2025-03-15,Instagram Ads
C00777,Arjun Gupta,Mumbai,2024-02-16,Instagram Ads
C00778,Amit Kumar,Chennai,2025-07-22,Google Ads
C00779,Rahul Sharma,Chennai,2025-07-21,WhatsApp Campaign
C00780,Amit Kumar,Bengaluru,2024-09-20,Google Ads
C00781,Rahul Sharma,Gurugram,2024-04-06,Instagram Ads
C00782,Neha Singh,Mumbai,2024-04-18,WhatsApp Campaign
C00783,Sneha Patel,Chennai,2025-04-05,Instagram Ads
C00784,Sneha Patel,Gurugram,2025-09-28,Google Ads
C00785,Rohan Agarwal,Bengaluru,2024-11-27,Instagram Ads
C00786,Ananya Mishra,Delhi,2025-06-20,Referral
C00787,Arjun Gupta,Delhi,2025-06-11,Google Ads
C00788,Amit Kumar,Pune,2024-01-15,Google Ads
C00789,Arjun Gupta,Bengaluru,2025-10-08,Referral
C00790,Rohan Agarwal,Gurugram,2025-10-18,Organic
C00791,Amit Kumar,Bengaluru,2024-02-09,Referral
C00792,Rahul Sharma,Bengaluru,2024-11-05,Instagram Ads
C00793,Ananya Mishra,Gurugram,2024-12-17,Referral
C00794,Priya Verma,Delhi,2025-05-10,Referral
C00795,Rahul Sharma,Mumbai,2025-10-10,Organic
C00796,Arjun Gupta,Noida,2025-08-14,Organic
C00797,Ananya Mishra,Hyderabad,2024-07-09,Instagram Ads
C00798,Arjun Gupta,Pune,2025-02-18,Instagram Ads
C00799,Rahul Sharma,Chennai,2025-11-24,Google Ads
C00800,Rahul Sharma,Hyderabad,2024-08-31,Organic
C00801,Rohan Agarwal,Gurugram,2024-08-09,Instagram Ads
C00802,Neha Singh,Gurugram,2024-02-21,Instagram Ads
C00803,Arjun Gupta,Gurugram,2024-06-26,Instagram Ads
C00804,Sneha Patel,Delhi,2025-03-03,Instagram Ads
C00805,Amit Kumar,Mumbai,2024-12-19,Referral
C00806,Ananya Mishra,Bengaluru,2025-11-12,Organic
C00807,Arjun Gupta,Mumbai,2024-04-05,Instagram Ads
C00808,Amit Kumar,Gurugram,2024-08-08,WhatsApp Campaign
C00809,Neha Singh,Gurugram,2024-01-06,Referral
C00810,Amit Kumar,Chennai,2024-07-04,Referral
C00811,Ananya Mishra,Delhi,2025-10-19,Organic
C00812,Neha Singh,Bengaluru,2025-04-26,Referral
C00813,Rahul Sharma,Noida,2025-07-01,WhatsApp Campaign
C00814,Sneha Patel,Gurugram,2025-09-13,Google Ads
C00815,Rahul Sharma,Noida,2025-08-13,WhatsApp Campaign
C00816,Amit Kumar,Mumbai,2024-02-05,Google Ads
C00817,Arjun Gupta,Pune,2025-11-06,Instagram Ads
C00818,Neha Singh,Pune,2025-11-01,Instagram Ads
C00819,Neha Singh,Delhi,2025-06-17,WhatsApp Campaign
C00820,Ananya Mishra,Bengaluru,2025-11-07,Referral
C00821,Amit Kumar,Bengaluru,2025-09-18,Referral
C00822,Priya Verma,Gurugram,2024-09-02,Referral
C00823,Rahul Sharma,Delhi,2025-01-27,WhatsApp Campaign
C00824,Neha Singh,Mumbai,2024-11-17,Google Ads
C00825,Rahul Sharma,Hyderabad,2025-11-20,Referral
C00826,Rohan Agarwal,Chennai,2024-01-04,WhatsApp Campaign
C00827,Amit Kumar,Delhi,2025-06-01,Organic
C00828,Sneha Patel,Pune,2024-12-30,Instagram Ads
C00829,Amit Kumar,Hyderabad,2024-12-02,WhatsApp Campaign
C00830,Amit Kumar,Delhi,2024-09-16,Referral
C00831,Rahul Sharma,Gurugram,2024-06-28,WhatsApp Campaign
C00832,Neha Singh,Mumbai,2025-01-12,WhatsApp Campaign
C00833,Ananya Mishra,Delhi,2024-06-24,Instagram Ads
C00834,Rohan Agarwal,Mumbai,2025-01-30,Organic
C00835,Neha Singh,Hyderabad,2024-08-28,Instagram Ads
C00836,Amit Kumar,Noida,2024-09-26,Google Ads
C00837,Rohan Agarwal,Noida,2024-05-08,WhatsApp Campaign
C00838,Amit Kumar,Bengaluru,2024-12-09,Referral
C00839,Amit Kumar,Bengaluru,2025-06-13,Instagram Ads
C00840,Arjun Gupta,Pune,2025-04-18,WhatsApp Campaign
C00841,Ananya Mishra,Hyderabad,2025-10-14,Instagram Ads
C00842,Arjun Gupta,Noida,2024-12-24,WhatsApp Campaign
C00843,Rohan Agarwal,Pune,2025-07-12,Referral
C00844,Sneha Patel,Pune,2025-08-04,Google Ads
C00845,Rohan Agarwal,Noida,2025-10-25,WhatsApp Campaign
C00846,Neha Singh,Bengaluru,2025-11-04,WhatsApp Campaign
C00847,Amit Kumar,Mumbai,2024-05-21,Instagram Ads
C00848,Rahul Sharma,Pune,2024-07-09,Instagram Ads
C00849,Rahul Sharma,Pune,2025-08-20,Referral
C00850,Sneha Patel,Hyderabad,2025-06-18,WhatsApp Campaign
C00851,Arjun Gupta,Bengaluru,2025-01-21,Referral
C00852,Sneha Patel,Bengaluru,2024-05-14,WhatsApp Campaign
C00853,Arjun Gupta,Mumbai,2025-10-16,Organic
C00854,Ananya Mishra,Chennai,2024-04-06,Organic
C00855,Sneha Patel,Noida,2024-08-13,Google Ads
C00856,Ananya Mishra,Hyderabad,2024-09-23,Instagram Ads
C00857,Rahul Sharma,Bengaluru,2025-10-05,WhatsApp Campaign
C00858,Neha Singh,Mumbai,2024-01-04,Google Ads
C00859,Neha Singh,Noida,2024-01-12,Google Ads
C00860,Arjun Gupta,Chennai,2025-07-04,Referral
C00861,Arjun Gupta,Mumbai,2025-08-10,Instagram Ads
C00862,Ananya Mishra,Delhi,2024-06-02,Organic
C00863,Amit Kumar,Pune,2025-01-29,Google Ads
C00864,Rohan Agarwal,Hyderabad,2024-04-27,Google Ads
C00865,Sneha Patel,Mumbai,2025-08-17,Organic
C00866,Rohan Agarwal,Noida,2025-08-22,Instagram Ads
C00867,Ananya Mishra,Noida,2024-04-27,WhatsApp Campaign
C00868,Rohan Agarwal,Hyderabad,2025-03-09,WhatsApp Campaign
C00869,Arjun Gupta,Bengaluru,2025-01-11,Referral
C00870,Amit Kumar,Bengaluru,2024-01-14,Google Ads
C00871,Neha Singh,Delhi,2025-01-08,Referral
C00872,Sneha Patel,Pune,2024-11-28,Instagram Ads
C00873,Arjun Gupta,Gurugram,2025-01-13,Instagram Ads
C00874,Priya Verma,Bengaluru,2025-01-26,WhatsApp Campaign
C00875,Rahul Sharma,Chennai,2025-08-21,WhatsApp Campaign
C00876,Ananya Mishra,Delhi,2024-02-21,Organic
C00877,Priya Verma,Bengaluru,2025-06-16,WhatsApp Campaign
C00878,Neha Singh,Bengaluru,2025-09-30,Referral
C00879,Ananya Mishra,Delhi,2024-09-02,Instagram Ads
C00880,Rahul Sharma,Hyderabad,2024-01-21,Instagram Ads
C00881,Rohan Agarwal,Mumbai,2025-09-05,Google Ads
C00882,Amit Kumar,Bengaluru,2025-11-10,WhatsApp Campaign
C00883,Arjun Gupta,Pune,2025-08-05,Instagram Ads
C00884,Sneha Patel,Mumbai,2024-08-26,Instagram Ads
C00885,Sneha Patel,Mumbai,2025-05-10,Google Ads
C00886,Arjun Gupta,Pune,2025-09-30,Organic
C00887,Arjun Gupta,Bengaluru,2024-02-24,Google Ads
C00888,Rahul Sharma,Noida,2025-07-22,Referral
C00889,Sneha Patel,Mumbai,2025-10-22,Referral
C00890,Arjun Gupta,Bengaluru,2025-06-19,Referral
C00891,Priya Verma,Delhi,2025-06-13,Organic
C00892,Amit Kumar,Gurugram,2024-10-03,WhatsApp Campaign
C00893,Priya Verma,Bengaluru,2024-06-08,WhatsApp Campaign
C00894,Amit Kumar,Noida,2025-02-09,Google Ads
C00895,Ananya Mishra,Bengaluru,2024-04-03,Google Ads
C00896,Priya Verma,Mumbai,2025-08-10,Instagram Ads
C00897,Sneha Patel,Noida,2024-11-27,Referral
C00898,Rahul Sharma,Mumbai,2025-02-19,Instagram Ads
C00899,Priya Verma,Noida,2024-02-10,Google Ads
C00900,Amit Kumar,Delhi,2024-07-17,Organic
C00901,Rahul Sharma,Bengaluru,2024-02-02,Google Ads
C00902,Rahul Sharma,Bengaluru,2025-03-08,Google Ads
C00903,Ananya Mishra,Noida,2025-09-08,Google Ads
C00904,Arjun Gupta,Bengaluru,2024-06-14,Google Ads
C00905,Neha Singh,Noida,2024-04-09,WhatsApp Campaign
C00906,Neha Singh,Pune,2025-02-07,Referral
C00907,Rahul Sharma,Mumbai,2025-02-15,Referral
C00908,Rohan Agarwal,Chennai,2025-03-27,Instagram Ads
C00909,Priya Verma,Pune,2024-09-27,Instagram Ads
C00910,Priya Verma,Hyderabad,2025-01-03,Google Ads
C00911,Sneha Patel,Chennai,2025-09-25,Organic
C00912,Neha Singh,Delhi,2025-05-30,Google Ads
C00913,Neha Singh,Delhi,2025-07-07,Google Ads
C00914,Priya Verma,Hyderabad,2024-01-30,Google Ads
C00915,Rahul Sharma,Chennai,2025-04-19,Organic
C00916,Rohan Agarwal,Chennai,2025-05-29,Organic
C00917,Priya Verma,Mumbai,2025-02-11,Organic
C00918,Neha Singh,Gurugram,2025-05-03,Google Ads
C00919,Rohan Agarwal,Pune,2024-10-22,WhatsApp Campaign
C00920,Ananya Mishra,Gurugram,2024-04-24,Organic
C00921,Priya Verma,Chennai,2025-09-07,Organic
C00922,Rahul Sharma,Delhi,2024-01-08,Organic
C00923,Ananya Mishra,Delhi,2025-06-17,Instagram Ads
C00924,Rahul Sharma,Mumbai,2025-03-30,WhatsApp Campaign
C00925,Rahul Sharma,Delhi,2024-10-26,Referral
C00926,Priya Verma,Noida,2025-10-21,Organic
C00927,Rohan Agarwal,Noida,2024-04-26,Organic
C00928,Neha Singh,Gurugram,2025-01-08,Referral
C00929,Amit Kumar,Gurugram,2024-07-21,WhatsApp Campaign
C00930,Rahul Sharma,Chennai,2024-08-16,Organic
C00931,Rohan Agarwal,Noida,2024-02-03,Instagram Ads
C00932,Rahul Sharma,Chennai,2025-09-07,Organic
C00933,Priya Verma,Chennai,2024-01-26,Referral
C00934,Neha Singh,Chennai,2025-01-05,Instagram Ads
C00935,Ananya Mishra,Bengaluru,2025-06-05,Google Ads
C00936,Neha Singh,Mumbai,2025-09-12,Organic
C00937,Priya Verma,Delhi,2024-04-14,Instagram Ads
C00938,Sneha Patel,Delhi,2024-01-08,Instagram Ads
C00939,Amit Kumar,Delhi,2025-09-18,Google Ads
C00940,Sneha Patel,Delhi,2024-12-24,Organic
C00941,Amit Kumar,Chennai,2025-03-22,Instagram Ads
C00942,Rohan Agarwal,Mumbai,2024-02-11,Instagram Ads
C00943,Rahul Sharma,Hyderabad,2024-04-28,WhatsApp Campaign
C00944,Arjun Gupta,Hyderabad,2024-04-21,Referral
C00945,Amit Kumar,Delhi,2024-12-22,Organic
C00946,Rahul Sharma,Pune,2024-11-12,Google Ads
C00947,Amit Kumar,Chennai,2025-06-26,WhatsApp Campaign
C00948,Arjun Gupta,Mumbai,2024-11-30,Google Ads
C00949,Amit Kumar,Bengaluru,2024-09-02,Instagram Ads
C00950,Priya Verma,Bengaluru,2025-01-08,WhatsApp Campaign
C00951,Amit Kumar,Chennai,2024-07-20,WhatsApp Campaign
C00952,Priya Verma,Pune,2025-09-25,Referral
C00953,Ananya Mishra,Noida,2024-01-29,WhatsApp Campaign
C00954,Priya Verma,Bengaluru,2024-06-04,Referral
C00955,Amit Kumar,Bengaluru,2024-01-04,Referral
C00956,Rahul Sharma,Bengaluru,2025-03-10,Instagram Ads
C00957,Sneha Patel,Pune,2025-04-02,WhatsApp Campaign
C00958,Amit Kumar,Noida,2024-05-24,Google Ads
C00959,Arjun Gupta,Gurugram,2025-08-18,WhatsApp Campaign
C00960,Rohan Agarwal,Noida,2024-06-03,Organic
C00961,Sneha Patel,Delhi,2025-09-07,WhatsApp Campaign
C00962,Sneha Patel,Delhi,2025-11-16,Organic
C00963,Amit Kumar,Mumbai,2024-08-19,Referral
C00964,Amit Kumar,Mumbai,2024-10-24,Referral
C00965,Rahul Sharma,Delhi,2025-11-27,Organic
C00966,Amit Kumar,Chennai,2024-08-15,Organic
C00967,Ananya Mishra,Hyderabad,2024-06-01,Referral
C00968,Rohan Agarwal,Noida,2024-09-03,Referral
C00969,Rahul Sharma,Chennai,2025-11-28,Referral
C00970,Amit Kumar,Bengaluru,2024-11-10,Organic
C00971,Rahul Sharma,Chennai,2025-10-01,Organic
C00972,Arjun Gupta,Mumbai,2024-06-05,Organic
C00973,Rohan Agarwal,Mumbai,2025-06-16,Instagram Ads
C00974,Amit Kumar,Delhi,2025-07-06,WhatsApp Campaign
C00975,Sneha Patel,Bengaluru,2024-01-19,Referral
C00976,Arjun Gupta,Hyderabad,2024-08-03,Google Ads
C00977,Rohan Agarwal,Bengaluru,2025-02-20,Instagram Ads
C00978,Ananya Mishra,Delhi,2024-01-24,Instagram Ads
C00979,Amit Kumar,Mumbai,2024-11-01,Instagram Ads
C00980,Ananya Mishra,Mumbai,2024-12-18,Instagram Ads
C00981,Rahul Sharma,Mumbai,2025-03-24,Organic
C00982,Ananya Mishra,Hyderabad,2025-08-25,Organic
C00983,Sneha Patel,Bengaluru,2024-04-28,Organic
C00984,Rohan Agarwal,Delhi,2024-12-05,Google Ads
C00985,Sneha Patel,Noida,2024-10-18,Instagram Ads
C00986,Amit Kumar,Chennai,2025-09-22,Organic
C00987,Priya Verma,Delhi,2024-10-05,WhatsApp Campaign
C00988,Priya Verma,Mumbai,2025-01-07,Organic
C00989,Amit Kumar,Bengaluru,2025-11-21,Instagram Ads
C00990,Rahul Sharma,Hyderabad,2025-05-02,Instagram Ads
C00991,Amit Kumar,Hyderabad,2024-06-15,Google Ads
C00992,Priya Verma,Hyderabad,2024-09-01,Google Ads
C00993,Rahul Sharma,Hyderabad,2024-03-17,WhatsApp Campaign
C00994,Priya Verma,Noida,2024-03-05,WhatsApp Campaign
C00995,Arjun Gupta,Pune,2025-03-11,Organic
C00996,Amit Kumar,Pune,2025-11-04,Instagram Ads
C00997,Amit Kumar,Mumbai,2024-06-09,Google Ads
C00998,Arjun Gupta,Gurugram,2025-05-21,Referral
C00999,Amit Kumar,Bengaluru,2024-09-12,WhatsApp Campaign
C01000,Arjun Gupta,Gurugram,2024-09-11,Organic
C01001,Priya Verma,Hyderabad,2024-01-22,Instagram Ads
C01002,Neha Singh,Noida,2024-06-12,Organic
C01003,Arjun Gupta,Gurugram,2024-08-22,Google Ads
C01004,Sneha Patel,Noida,2024-11-25,Instagram Ads
C01005,Sneha Patel,Hyderabad,2025-09-25,Organic
C01006,Rahul Sharma,Delhi,2024-12-03,Referral
C01007,Rahul Sharma,Noida,2024-10-24,Instagram Ads
C01008,Rahul Sharma,Mumbai,2024-09-09,WhatsApp Campaign
C01009,Arjun Gupta,Bengaluru,2024-07-17,Instagram Ads
C01010,Arjun Gupta,Gurugram,2024-04-09,Instagram Ads
C01011,Amit Kumar,Noida,2025-03-15,Referral
C01012,Rohan Agarwal,Noida,2024-05-05,Referral
C01013,Rahul Sharma,Pune,2024-08-22,Google Ads
C01014,Rohan Agarwal,Chennai,2025-05-02,Organic
C01015,Amit Kumar,Mumbai,2025-03-31,WhatsApp Campaign
C01016,Rahul Sharma,Noida,2025-11-17,Google Ads
C01017,Arjun Gupta,Noida,2025-07-09,Google Ads
C01018,Arjun Gupta,Mumbai,2024-01-12,WhatsApp Campaign
C01019,Sneha Patel,Delhi,2025-02-17,Referral
C01020,Rohan Agarwal,Delhi,2024-08-20,Instagram Ads
C01021,Rahul Sharma,Chennai,2024-08-08,Instagram Ads
C01022,Amit Kumar,Hyderabad,2025-03-05,WhatsApp Campaign
C01023,Sneha Patel,Delhi,2025-01-13,Google Ads
C01024,Rahul Sharma,Delhi,2025-05-16,Instagram Ads
C01025,Neha Singh,Noida,2024-02-19,Instagram Ads
C01026,Ananya Mishra,Pune,2024-08-22,WhatsApp Campaign
C01027,Neha Singh,Delhi,2025-02-22,Instagram Ads
C01028,Ananya Mishra,Noida,2025-04-27,Organic
C01029,Amit Kumar,Mumbai,2024-05-18,Organic
C01030,Priya Verma,Gurugram,2024-01-20,Referral
C01031,Rahul Sharma,Bengaluru,2025-03-31,Instagram Ads
C01032,Rohan Agarwal,Chennai,2025-06-28,Instagram Ads
C01033,Priya Verma,Noida,2025-07-07,Google Ads
C01034,Amit Kumar,Hyderabad,2024-05-14,Organic
C01035,Ananya Mishra,Hyderabad,2025-11-08,Referral
C01036,Sneha Patel,Hyderabad,2024-09-03,Referral
C01037,Amit Kumar,Delhi,2025-04-25,Google Ads
C01038,Rohan Agarwal,Chennai,2025-05-07,Instagram Ads
C01039,Sneha Patel,Hyderabad,2024-08-08,Organic
C01040,Priya Verma,Noida,2025-11-27,Google Ads
C01041,Ananya Mishra,Noida,2025-05-12,Referral
C01042,Ananya Mishra,Pune,2025-03-31,WhatsApp Campaign
C01043,Ananya Mishra,Gurugram,2025-05-14,Organic
C01044,Ananya Mishra,Pune,2024-01-05,Organic
C01045,Neha Singh,Noida,2025-11-03,Google Ads
C01046,Neha Singh,Hyderabad,2025-02-12,Referral
C01047,Rohan Agarwal,Gurugram,2025-07-04,Referral
C01048,Rahul Sharma,Hyderabad,2024-06-23,Instagram Ads
C01049,Rahul Sharma,Delhi,2024-02-29,Organic
C01050,Priya Verma,Mumbai,2025-04-27,Instagram Ads
C01051,Neha Singh,Bengaluru,2024-08-24,Instagram Ads
C01052,Priya Verma,Mumbai,2024-12-25,WhatsApp Campaign
C01053,Amit Kumar,Gurugram,2025-08-27,Google Ads
C01054,Priya Verma,Chennai,2025-11-05,Organic
C01055,Rohan Agarwal,Bengaluru,2025-09-22,Organic
C01056,Sneha Patel,Chennai,2024-02-23,Referral
C01057,Ananya Mishra,Noida,2024-09-11,Instagram Ads
C01058,Ananya Mishra,Delhi,2024-09-03,Organic
C01059,Arjun Gupta,Mumbai,2024-08-24,WhatsApp Campaign
C01060,Neha Singh,Gurugram,2025-09-23,Instagram Ads
C01061,Priya Verma,Bengaluru,2025-07-16,Organic
C01062,Rahul Sharma,Mumbai,2025-02-07,WhatsApp Campaign
C01063,Rahul Sharma,Noida,2024-01-18,Instagram Ads
C01064,Ananya Mishra,Gurugram,2024-12-11,Google Ads
C01065,Priya Verma,Bengaluru,2025-05-17,Google Ads
C01066,Rohan Agarwal,Gurugram,2024-03-04,Google Ads
C01067,Priya Verma,Noida,2024-07-23,WhatsApp Campaign
C01068,Arjun Gupta,Chennai,2025-04-09,Instagram Ads
C01069,Amit Kumar,Gurugram,2024-02-18,Google Ads
C01070,Ananya Mishra,Bengaluru,2024-06-01,WhatsApp Campaign
C01071,Priya Verma,Mumbai,2024-09-28,Referral
C01072,Sneha Patel,Gurugram,2024-04-27,Organic
C01073,Rahul Sharma,Chennai,2025-06-05,Instagram Ads
C01074,Priya Verma,Gurugram,2024-09-08,WhatsApp Campaign
C01075,Amit Kumar,Delhi,2025-02-25,Google Ads
C01076,Rahul Sharma,Delhi,2025-05-04,Instagram Ads
C01077,Priya Verma,Mumbai,2025-09-23,Google Ads
C01078,Ananya Mishra,Gurugram,2024-11-25,Referral
C01079,Neha Singh,Bengaluru,2025-01-20,Instagram Ads
C01080,Ananya Mishra,Bengaluru,2024-06-29,Google Ads
C01081,Ananya Mishra,Chennai,2025-07-14,Organic
C01082,Amit Kumar,Delhi,2024-10-04,Referral
C01083,Sneha Patel,Noida,2025-01-15,Google Ads
C01084,Ananya Mishra,Mumbai,2025-06-11,WhatsApp Campaign
C01085,Neha Singh,Chennai,2024-07-09,Referral
C01086,Ananya Mishra,Mumbai,2025-10-15,WhatsApp Campaign
C01087,Rohan Agarwal,Delhi,2024-01-31,Referral
C01088,Ananya Mishra,Chennai,2025-06-04,Organic
C01089,Arjun Gupta,Chennai,2025-05-09,Google Ads
C01090,Rahul Sharma,Noida,2025-03-11,Referral
C01091,Arjun Gupta,Hyderabad,2024-02-14,Instagram Ads
C01092,Rahul Sharma,Noida,2025-11-29,WhatsApp Campaign
C01093,Amit Kumar,Noida,2024-12-05,Organic
C01094,Rohan Agarwal,Gurugram,2024-07-23,Organic
C01095,Ananya Mishra,Gurugram,2025-05-07,Organic
C01096,Rohan Agarwal,Pune,2025-11-06,Google Ads
C01097,Arjun Gupta,Bengaluru,2024-06-11,Google Ads
C01098,Priya Verma,Pune,2025-07-23,Organic
C01099,Ananya Mishra,Bengaluru,2024-12-01,Instagram Ads
C01100,Rahul Sharma,Hyderabad,2024-03-04,Instagram Ads
C01101,Priya Verma,Bengaluru,2024-08-15,Google Ads
C01102,Rahul Sharma,Noida,2025-05-26,WhatsApp Campaign
C01103,Rahul Sharma,Hyderabad,2024-10-31,WhatsApp Campaign
C01104,Amit Kumar,Chennai,2024-08-19,WhatsApp Campaign
C01105,Amit Kumar,Delhi,2025-09-28,Instagram Ads
C01106,Priya Verma,Mumbai,2025-11-06,Organic
C01107,Rahul Sharma,Hyderabad,2024-07-01,Referral
C01108,Arjun Gupta,Pune,2024-04-28,Google Ads
C01109,Amit Kumar,Mumbai,2025-01-19,Organic
C01110,Amit Kumar,Mumbai,2025-02-01,Instagram Ads
C01111,Amit Kumar,Hyderabad,2024-07-17,Google Ads
C01112,Ananya Mishra,Gurugram,2024-08-17,Instagram Ads
C01113,Arjun Gupta,Mumbai,2024-12-22,WhatsApp Campaign
C01114,Arjun Gupta,Gurugram,2024-01-20,Instagram Ads
C01115,Rohan Agarwal,Noida,2024-04-15,WhatsApp Campaign
C01116,Sneha Patel,Chennai,2025-04-20,Referral
C01117,Priya Verma,Mumbai,2025-06-22,Organic
C01118,Rohan Agarwal,Gurugram,2024-11-15,Referral
C01119,Neha Singh,Delhi,2025-08-21,Instagram Ads
C01120,Priya Verma,Delhi,2025-05-19,Referral
C01121,Priya Verma,Bengaluru,2025-01-27,Organic
C01122,Amit Kumar,Bengaluru,2025-06-14,Referral
C01123,Rohan Agarwal,Gurugram,2025-08-13,Referral
C01124,Rohan Agarwal,Hyderabad,2025-02-12,WhatsApp Campaign
C01125,Rohan Agarwal,Noida,2024-05-23,Organic
C01126,Ananya Mishra,Chennai,2024-02-23,Organic
C01127,Arjun Gupta,Delhi,2025-12-01,WhatsApp Campaign
C01128,Sneha Patel,Gurugram,2024-10-29,Organic
C01129,Sneha Patel,Pune,2025-10-29,Instagram Ads
C01130,Rahul Sharma,Pune,2025-09-22,WhatsApp Campaign
C01131,Neha Singh,Chennai,2025-05-28,Google Ads
C01132,Ananya Mishra,Bengaluru,2024-10-26,Google Ads
C01133,Priya Verma,Chennai,2024-01-26,Referral
C01134,Rohan Agarwal,Chennai,2025-08-20,Organic
C01135,Rohan Agarwal,Noida,2025-05-21,Organic
C01136,Rahul Sharma,Noida,2024-06-30,Referral
C01137,Amit Kumar,Chennai,2024-07-21,Instagram Ads
C01138,Amit Kumar,Chennai,2024-08-20,WhatsApp Campaign
C01139,Ananya Mishra,Pune,2024-03-30,WhatsApp Campaign
C01140,Ananya Mishra,Noida,2024-03-17,Instagram Ads
C01141,Sneha Patel,Noida,2024-09-06,Organic
C01142,Arjun Gupta,Pune,2024-05-02,Google Ads
C01143,Sneha Patel,Hyderabad,2025-07-30,Organic
C01144,Rohan Agarwal,Hyderabad,2024-01-18,Organic
C01145,Sneha Patel,Chennai,2025-06-12,WhatsApp Campaign
C01146,Arjun Gupta,Delhi,2024-08-28,WhatsApp Campaign
C01147,Rohan Agarwal,Mumbai,2024-12-31,WhatsApp Campaign
C01148,Amit Kumar,Gurugram,2025-02-17,WhatsApp Campaign
C01149,Priya Verma,Bengaluru,2025-11-06,WhatsApp Campaign
C01150,Sneha Patel,Bengaluru,2024-05-07,Referral
C01151,Sneha Patel,Mumbai,2024-05-12,Referral
C01152,Priya Verma,Bengaluru,2025-03-29,Organic
C01153,Rahul Sharma,Hyderabad,2024-01-12,Referral
C01154,Rahul Sharma,Hyderabad,2024-03-02,Instagram Ads
C01155,Neha Singh,Gurugram,2024-10-30,Referral
C01156,Ananya Mishra,Gurugram,2025-01-24,WhatsApp Campaign
C01157,Amit Kumar,Pune,2024-07-17,Instagram Ads
C01158,Amit Kumar,Gurugram,2025-03-05,Google Ads
C01159,Rohan Agarwal,Gurugram,2024-05-09,Referral
C01160,Sneha Patel,Hyderabad,2025-07-29,Organic
C01161,Rohan Agarwal,Bengaluru,2025-10-29,Instagram Ads
C01162,Neha Singh,Chennai,2024-10-24,Google Ads
C01163,Amit Kumar,Gurugram,2025-10-06,WhatsApp Campaign
C01164,Rohan Agarwal,Hyderabad,2024-02-26,WhatsApp Campaign
C01165,Arjun Gupta,Delhi,2025-03-18,Instagram Ads
C01166,Sneha Patel,Delhi,2024-08-02,Organic
C01167,Ananya Mishra,Delhi,2025-10-11,Instagram Ads
C01168,Rahul Sharma,Noida,2024-02-18,WhatsApp Campaign
C01169,Amit Kumar,Hyderabad,2024-02-17,WhatsApp Campaign
C01170,Priya Verma,Pune,2024-09-04,WhatsApp Campaign
C01171,Neha Singh,Mumbai,2025-11-21,Referral
C01172,Neha Singh,Pune,2024-09-20,Referral
C01173,Arjun Gupta,Pune,2024-06-04,Google Ads
C01174,Priya Verma,Bengaluru,2025-01-11,Referral
C01175,Amit Kumar,Delhi,2024-02-09,Google Ads
C01176,Sneha Patel,Delhi,2024-03-04,Instagram Ads
C01177,Rahul Sharma,Noida,2025-10-18,Referral
C01178,Sneha Patel,Hyderabad,2024-05-17,Instagram Ads
C01179,Priya Verma,Chennai,2025-10-07,Instagram Ads
C01180,Priya Verma,Bengaluru,2024-09-18,Google Ads
C01181,Arjun Gupta,Gurugram,2025-08-22,Referral
C01182,Rohan Agarwal,Noida,2024-05-09,Referral
C01183,Rahul Sharma,Noida,2025-04-03,WhatsApp Campaign
C01184,Arjun Gupta,Noida,2024-09-04,Organic
C01185,Sneha Patel,Pune,2024-12-21,WhatsApp Campaign
C01186,Amit Kumar,Mumbai,2025-10-27,Google Ads
C01187,Rohan Agarwal,Chennai,2025-03-14,WhatsApp Campaign
C01188,Rahul Sharma,Hyderabad,2025-11-28,Instagram Ads
C01189,Arjun Gupta,Noida,2024-12-16,WhatsApp Campaign
C01190,Amit Kumar,Hyderabad,2025-02-28,WhatsApp Campaign
C01191,Arjun Gupta,Pune,2025-01-30,Google Ads
C01192,Neha Singh,Noida,2025-10-28,Google Ads
C01193,Neha Singh,Noida,2025-10-10,Referral
C01194,Neha Singh,Bengaluru,2024-02-14,Instagram Ads
C01195,Rahul Sharma,Mumbai,2024-06-17,Organic
C01196,Amit Kumar,Gurugram,2025-01-08,Google Ads
C01197,Ananya Mishra,Pune,2024-11-04,Instagram Ads
C01198,Rohan Agarwal,Hyderabad,2024-05-31,Referral
C01199,Rahul Sharma,Pune,2025-11-02,Organic
C01200,Sneha Patel,Bengaluru,2024-10-03,WhatsApp Campaign
C01201,Arjun Gupta,Noida,2025-11-20,Referral
C01202,Sneha Patel,Noida,2025-06-08,Instagram Ads
C01203,Priya Verma,Chennai,2024-01-06,Organic
C01204,Rahul Sharma,Mumbai,2025-03-19,Referral
C01205,Arjun Gupta,Chennai,2024-04-12,WhatsApp Campaign
C01206,Amit Kumar,Mumbai,2024-07-22,Google Ads
C01207,Neha Singh,Hyderabad,2025-01-21,WhatsApp Campaign
C01208,Sneha Patel,Hyderabad,2025-01-17,Referral
C01209,Rahul Sharma,Gurugram,2024-07-02,WhatsApp Campaign
C01210,Priya Verma,Bengaluru,2024-05-10,Organic
C01211,Amit Kumar,Chennai,2025-09-21,Referral
C01212,Priya Verma,Noida,2024-08-01,Google Ads
C01213,Sneha Patel,Hyderabad,2025-07-20,WhatsApp Campaign
C01214,Priya Verma,Pune,2024-03-02,WhatsApp Campaign
C01215,Ananya Mishra,Noida,2024-11-19,Instagram Ads
C01216,Ananya Mishra,Noida,2024-12-20,Organic
C01217,Sneha Patel,Chennai,2024-12-31,Instagram Ads
C01218,Amit Kumar,Mumbai,2024-01-10,Instagram Ads
C01219,Priya Verma,Hyderabad,2025-06-21,WhatsApp Campaign
C01220,Sneha Patel,Mumbai,2024-11-26,Organic
C01221,Priya Verma,Delhi,2024-12-29,Instagram Ads
C01222,Rahul Sharma,Mumbai,2025-02-06,WhatsApp Campaign
C01223,Amit Kumar,Noida,2024-08-12,Referral
C01224,Rahul Sharma,Delhi,2024-10-07,WhatsApp Campaign
C01225,Amit Kumar,Gurugram,2024-06-28,Organic
C01226,Rohan Agarwal,Hyderabad,2025-01-20,Referral
C01227,Priya Verma,Chennai,2024-12-26,Referral
C01228,Neha Singh,Noida,2024-01-02,WhatsApp Campaign
C01229,Sneha Patel,Chennai,2025-09-06,Organic
C01230,Amit Kumar,Chennai,2025-10-19,Referral
C01231,Rohan Agarwal,Chennai,2025-03-19,Instagram Ads
C01232,Rohan Agarwal,Delhi,2024-01-04,Referral
C01233,Priya Verma,Noida,2024-07-29,Organic
C01234,Amit Kumar,Pune,2025-07-09,Instagram Ads
C01235,Neha Singh,Noida,2024-06-19,Organic
C01236,Neha Singh,Chennai,2024-07-31,Referral
C01237,Neha Singh,Bengaluru,2025-08-24,Organic
C01238,Amit Kumar,Pune,2024-10-09,WhatsApp Campaign
C01239,Rohan Agarwal,Mumbai,2025-05-22,Referral
C01240,Ananya Mishra,Chennai,2025-05-07,Referral
C01241,Arjun Gupta,Delhi,2024-06-21,Instagram Ads
C01242,Sneha Patel,Chennai,2024-05-12,Organic
C01243,Sneha Patel,Gurugram,2025-07-15,WhatsApp Campaign
C01244,Sneha Patel,Delhi,2025-03-13,Referral
C01245,Neha Singh,Pune,2025-03-01,Referral
C01246,Ananya Mishra,Noida,2025-04-28,Google Ads
C01247,Sneha Patel,Delhi,2025-01-01,Organic
C01248,Ananya Mishra,Mumbai,2025-03-07,Referral
C01249,Amit Kumar,Gurugram,2024-04-21,Google Ads
C01250,Neha Singh,Pune,2025-02-17,WhatsApp Campaign
C01251,Sneha Patel,Mumbai,2024-11-13,Referral
C01252,Ananya Mishra,Gurugram,2025-10-02,Organic
C01253,Rohan Agarwal,Gurugram,2025-05-15,Organic
C01254,Rahul Sharma,Delhi,2024-05-12,Google Ads
C01255,Rahul Sharma,Hyderabad,2024-01-25,Referral
C01256,Sneha Patel,Pune,2024-09-06,Organic
C01257,Rahul Sharma,Pune,2025-01-24,Organic
C01258,Ananya Mishra,Delhi,2024-08-19,WhatsApp Campaign
C01259,Arjun Gupta,Chennai,2025-11-19,Instagram Ads
C01260,Neha Singh,Hyderabad,2025-02-15,Referral
C01261,Amit Kumar,Pune,2024-05-02,Google Ads
C01262,Amit Kumar,Noida,2024-01-05,Referral
C01263,Ananya Mishra,Chennai,2024-07-04,Referral
C01264,Rahul Sharma,Pune,2025-08-08,Instagram Ads
C01265,Neha Singh,Noida,2025-09-08,WhatsApp Campaign
C01266,Amit Kumar,Bengaluru,2025-11-06,Organic
C01267,Rahul Sharma,Delhi,2024-04-13,Google Ads
C01268,Priya Verma,Delhi,2024-04-17,Instagram Ads
C01269,Amit Kumar,Delhi,2025-05-12,Google Ads
C01270,Ananya Mishra,Pune,2025-02-05,Referral
C01271,Rohan Agarwal,Chennai,2024-05-23,Google Ads
C01272,Arjun Gupta,Pune,2025-07-14,Instagram Ads
C01273,Priya Verma,Mumbai,2024-07-02,Organic
C01274,Arjun Gupta,Mumbai,2024-02-13,WhatsApp Campaign
C01275,Arjun Gupta,Delhi,2024-12-28,WhatsApp Campaign
C01276,Sneha Patel,Gurugram,2024-10-24,Google Ads
C01277,Rohan Agarwal,Gurugram,2024-01-15,Instagram Ads
C01278,Arjun Gupta,Mumbai,2024-05-19,WhatsApp Campaign
C01279,Priya Verma,Pune,2025-01-31,WhatsApp Campaign
C01280,Rohan Agarwal,Noida,2024-05-30,Google Ads
C01281,Ananya Mishra,Hyderabad,2024-10-18,Instagram Ads
C01282,Sneha Patel,Chennai,2025-09-14,Referral
C01283,Rohan Agarwal,Bengaluru,2025-08-14,Instagram Ads
C01284,Rahul Sharma,Pune,2025-05-02,Referral
C01285,Sneha Patel,Noida,2025-05-01,WhatsApp Campaign
C01286,Sneha Patel,Bengaluru,2025-04-19,Instagram Ads
C01287,Amit Kumar,Hyderabad,2024-07-29,Referral
C01288,Amit Kumar,Hyderabad,2024-08-02,WhatsApp Campaign
C01289,Rahul Sharma,Chennai,2024-05-11,Organic
C01290,Ananya Mishra,Chennai,2024-02-21,Referral
C01291,Priya Verma,Pune,2024-07-30,Google Ads
C01292,Priya Verma,Noida,2024-04-20,Google Ads
C01293,Rahul Sharma,Hyderabad,2025-11-23,Google Ads
C01294,Neha Singh,Delhi,2025-03-29,Referral
C01295,Sneha Patel,Gurugram,2024-06-29,Organic
C01296,Rahul Sharma,Hyderabad,2024-02-13,Referral
C01297,Priya Verma,Gurugram,2025-01-15,Google Ads
C01298,Neha Singh,Chennai,2025-07-14,Referral
C01299,Rohan Agarwal,Hyderabad,2025-07-18,Google Ads
C01300,Rohan Agarwal,Pune,2024-07-18,WhatsApp Campaign
C01301,Priya Verma,Gurugram,2025-09-07,Google Ads
C01302,Sneha Patel,Delhi,2024-04-06,WhatsApp Campaign
C01303,Rohan Agarwal,Chennai,2025-07-14,Instagram Ads
C01304,Amit Kumar,Hyderabad,2024-05-06,Google Ads
C01305,Rahul Sharma,Pune,2024-12-11,Google Ads
C01306,Rahul Sharma,Hyderabad,2024-05-14,Instagram Ads
C01307,Priya Verma,Chennai,2024-08-17,Referral
C01308,Sneha Patel,Pune,2025-05-18,Organic
C01309,Rahul Sharma,Pune,2025-07-01,Organic
C01310,Rahul Sharma,Noida,2024-10-26,Instagram Ads
C01311,Amit Kumar,Bengaluru,2025-02-13,Referral
C01312,Neha Singh,Hyderabad,2025-05-14,Organic
C01313,Ananya Mishra,Delhi,2025-02-18,Instagram Ads
C01314,Neha Singh,Hyderabad,2024-09-24,WhatsApp Campaign
C01315,Arjun Gupta,Mumbai,2025-08-17,WhatsApp Campaign
C01316,Rohan Agarwal,Noida,2025-02-02,Referral
C01317,Ananya Mishra,Delhi,2025-11-06,Instagram Ads
C01318,Neha Singh,Hyderabad,2024-10-03,Referral
C01319,Amit Kumar,Bengaluru,2025-05-27,Instagram Ads
C01320,Neha Singh,Gurugram,2024-08-13,Organic
C01321,Sneha Patel,Mumbai,2024-04-19,Organic
C01322,Priya Verma,Delhi,2024-10-09,WhatsApp Campaign
C01323,Rahul Sharma,Mumbai,2024-05-09,Google Ads
C01324,Neha Singh,Gurugram,2025-03-19,WhatsApp Campaign
C01325,Neha Singh,Delhi,2025-04-25,Instagram Ads
C01326,Priya Verma,Hyderabad,2024-03-19,Instagram Ads
C01327,Amit Kumar,Delhi,2024-07-19,WhatsApp Campaign
C01328,Arjun Gupta,Bengaluru,2024-07-04,Google Ads
C01329,Neha Singh,Bengaluru,2024-12-21,Referral
C01330,Rahul Sharma,Bengaluru,2025-06-06,Organic
C01331,Neha Singh,Mumbai,2024-10-15,Instagram Ads
C01332,Arjun Gupta,Noida,2025-09-19,Google Ads
C01333,Rohan Agarwal,Bengaluru,2025-06-21,Google Ads
C01334,Rahul Sharma,Gurugram,2025-07-12,WhatsApp Campaign
C01335,Neha Singh,Pune,2024-03-08,Referral
C01336,Arjun Gupta,Bengaluru,2024-07-31,Instagram Ads
C01337,Priya Verma,Noida,2024-05-25,Instagram Ads
C01338,Rohan Agarwal,Mumbai,2024-10-08,Organic
C01339,Amit Kumar,Gurugram,2024-03-05,Google Ads
C01340,Sneha Patel,Gurugram,2024-02-19,Organic
C01341,Amit Kumar,Bengaluru,2025-05-19,Organic
C01342,Rohan Agarwal,Mumbai,2025-10-16,Organic
C01343,Arjun Gupta,Hyderabad,2025-11-22,Referral
C01344,Neha Singh,Bengaluru,2024-10-24,Google Ads
C01345,Sneha Patel,Hyderabad,2024-02-09,Organic
C01346,Sneha Patel,Chennai,2024-12-14,WhatsApp Campaign
C01347,Rahul Sharma,Mumbai,2025-06-24,Google Ads
C01348,Amit Kumar,Chennai,2024-08-21,Google Ads
C01349,Priya Verma,Noida,2025-11-06,Instagram Ads
C01350,Amit Kumar,Noida,2024-07-07,WhatsApp Campaign
C01351,Amit Kumar,Hyderabad,2024-10-16,Google Ads
C01352,Arjun Gupta,Chennai,2025-07-28,WhatsApp Campaign
C01353,Ananya Mishra,Mumbai,2024-11-01,WhatsApp Campaign
C01354,Rahul Sharma,Mumbai,2025-06-09,WhatsApp Campaign
C01355,Arjun Gupta,Delhi,2025-03-02,Instagram Ads
C01356,Ananya Mishra,Gurugram,2025-09-17,WhatsApp Campaign
C01357,Priya Verma,Gurugram,2024-12-30,Organic
C01358,Arjun Gupta,Delhi,2025-01-21,Google Ads
C01359,Sneha Patel,Hyderabad,2024-03-30,Instagram Ads
C01360,Neha Singh,Delhi,2025-10-25,Referral
C01361,Rahul Sharma,Noida,2025-03-13,Google Ads
C01362,Arjun Gupta,Hyderabad,2025-06-12,Instagram Ads
C01363,Amit Kumar,Hyderabad,2024-06-20,Google Ads
C01364,Rohan Agarwal,Bengaluru,2024-10-21,Instagram Ads
C01365,Arjun Gupta,Chennai,2025-11-10,WhatsApp Campaign
C01366,Arjun Gupta,Bengaluru,2025-01-28,Referral
C01367,Amit Kumar,Mumbai,2025-03-19,Organic
C01368,Ananya Mishra,Mumbai,2024-05-25,Organic
C01369,Ananya Mishra,Hyderabad,2025-10-12,WhatsApp Campaign
C01370,Ananya Mishra,Noida,2025-08-18,Instagram Ads
C01371,Amit Kumar,Noida,2024-01-03,Instagram Ads
C01372,Rohan Agarwal,Gurugram,2024-08-12,Google Ads
C01373,Neha Singh,Delhi,2025-10-28,Referral
C01374,Priya Verma,Delhi,2025-07-30,Instagram Ads
C01375,Neha Singh,Pune,2024-05-27,Organic
C01376,Neha Singh,Pune,2025-07-31,Google Ads
C01377,Neha Singh,Gurugram,2024-12-10,Google Ads
C01378,Arjun Gupta,Bengaluru,2024-03-23,Instagram Ads
C01379,Neha Singh,Hyderabad,2025-01-03,Organic
C01380,Priya Verma,Chennai,2025-03-05,Organic
C01381,Priya Verma,Delhi,2024-04-26,Instagram Ads
C01382,Ananya Mishra,Pune,2024-07-28,Organic
C01383,Amit Kumar,Gurugram,2024-07-25,Google Ads
C01384,Rahul Sharma,Gurugram,2025-03-05,Organic
C01385,Sneha Patel,Noida,2024-03-02,WhatsApp Campaign
C01386,Sneha Patel,Gurugram,2024-11-26,Organic
C01387,Rahul Sharma,Chennai,2025-02-20,Instagram Ads
C01388,Neha Singh,Gurugram,2024-09-05,WhatsApp Campaign
C01389,Rohan Agarwal,Pune,2025-10-08,Google Ads
C01390,Ananya Mishra,Delhi,2025-10-09,Referral
C01391,Rohan Agarwal,Bengaluru,2024-12-15,Organic
C01392,Amit Kumar,Bengaluru,2025-07-19,Google Ads
C01393,Rohan Agarwal,Pune,2025-11-27,Instagram Ads
C01394,Ananya Mishra,Hyderabad,2024-07-15,Google Ads
C01395,Arjun Gupta,Hyderabad,2025-05-28,Google Ads
C01396,Amit Kumar,Hyderabad,2024-07-04,Google Ads
C01397,Arjun Gupta,Gurugram,2024-09-20,Organic
C01398,Rohan Agarwal,Pune,2025-02-19,Organic
C01399,Sneha Patel,Gurugram,2025-01-12,Instagram Ads
C01400,Neha Singh,Bengaluru,2024-09-03,Google Ads
C01401,Ananya Mishra,Hyderabad,2024-08-16,Google Ads
C01402,Rahul Sharma,Mumbai,2024-01-18,WhatsApp Campaign
C01403,Rahul Sharma,Gurugram,2024-05-05,Referral
C01404,Amit Kumar,Bengaluru,2024-07-03,WhatsApp Campaign
C01405,Ananya Mishra,Hyderabad,2025-03-05,Referral
C01406,Amit Kumar,Hyderabad,2024-12-25,Instagram Ads
C01407,Arjun Gupta,Bengaluru,2024-12-08,Referral
C01408,Amit Kumar,Delhi,2025-11-26,Instagram Ads
C01409,Priya Verma,Gurugram,2024-01-05,Instagram Ads
C01410,Rahul Sharma,Delhi,2024-03-28,Instagram Ads
C01411,Amit Kumar,Noida,2024-05-30,Organic
C01412,Sneha Patel,Bengaluru,2024-08-31,Referral
C01413,Neha Singh,Noida,2024-10-26,Instagram Ads
C01414,Neha Singh,Gurugram,2024-10-18,Organic
C01415,Amit Kumar,Chennai,2024-09-29,Instagram Ads
C01416,Neha Singh,Gurugram,2024-08-27,Google Ads
C01417,Ananya Mishra,Noida,2025-02-21,Instagram Ads
C01418,Arjun Gupta,Mumbai,2024-03-29,Organic
C01419,Rohan Agarwal,Pune,2024-06-27,Referral
C01420,Rohan Agarwal,Gurugram,2025-06-30,Google Ads
C01421,Amit Kumar,Hyderabad,2025-04-27,Referral
C01422,Rohan Agarwal,Hyderabad,2025-05-23,Instagram Ads
C01423,Priya Verma,Mumbai,2025-08-16,Instagram Ads
C01424,Arjun Gupta,Hyderabad,2025-06-14,WhatsApp Campaign
C01425,Rahul Sharma,Hyderabad,2024-11-22,Google Ads
C01426,Sneha Patel,Delhi,2025-07-10,Instagram Ads
C01427,Amit Kumar,Pune,2025-03-18,Organic
C01428,Rohan Agarwal,Delhi,2025-03-19,WhatsApp Campaign
C01429,Ananya Mishra,Bengaluru,2025-02-04,Referral
C01430,Sneha Patel,Delhi,2025-05-23,Organic
C01431,Sneha Patel,Bengaluru,2025-08-14,Google Ads
C01432,Neha Singh,Hyderabad,2025-01-18,WhatsApp Campaign
C01433,Priya Verma,Chennai,2024-10-15,Referral
C01434,Ananya Mishra,Bengaluru,2024-10-23,Google Ads
C01435,Sneha Patel,Hyderabad,2024-08-22,Referral
C01436,Priya Verma,Mumbai,2025-11-29,Referral
C01437,Rohan Agarwal,Bengaluru,2025-09-14,Organic
C01438,Neha Singh,Noida,2024-05-30,Referral
C01439,Sneha Patel,Bengaluru,2024-12-13,WhatsApp Campaign
C01440,Priya Verma,Gurugram,2024-05-28,Google Ads
C01441,Rohan Agarwal,Pune,2025-09-17,Referral
C01442,Neha Singh,Gurugram,2025-05-12,Referral
C01443,Amit Kumar,Gurugram,2025-01-06,Instagram Ads
C01444,Amit Kumar,Noida,2024-12-10,Organic
C01445,Arjun Gupta,Gurugram,2025-04-30,Google Ads
C01446,Rohan Agarwal,Delhi,2024-03-23,Organic
C01447,Neha Singh,Hyderabad,2025-06-11,Google Ads
C01448,Neha Singh,Bengaluru,2024-11-21,WhatsApp Campaign
C01449,Priya Verma,Hyderabad,2024-03-28,Referral
C01450,Sneha Patel,Bengaluru,2025-03-25,WhatsApp Campaign
C01451,Arjun Gupta,Mumbai,2024-04-29,WhatsApp Campaign
C01452,Sneha Patel,Delhi,2025-03-03,Google Ads
C01453,Arjun Gupta,Chennai,2025-10-17,Google Ads
C01454,Ananya Mishra,Gurugram,2024-01-04,Organic
C01455,Rahul Sharma,Bengaluru,2025-07-08,Referral
C01456,Rohan Agarwal,Bengaluru,2024-07-08,Google Ads
C01457,Neha Singh,Hyderabad,2025-12-01,Instagram Ads
C01458,Priya Verma,Noida,2025-01-31,Referral
C01459,Rohan Agarwal,Noida,2024-06-15,Instagram Ads
C01460,Rahul Sharma,Chennai,2025-11-07,Referral
C01461,Rohan Agarwal,Mumbai,2024-02-28,WhatsApp Campaign
C01462,Priya Verma,Chennai,2024-07-19,Instagram Ads
C01463,Arjun Gupta,Delhi,2025-03-28,Google Ads
C01464,Neha Singh,Pune,2024-10-25,Instagram Ads
C01465,Sneha Patel,Noida,2024-02-25,WhatsApp Campaign
C01466,Rohan Agarwal,Pune,2024-02-19,Organic
C01467,Amit Kumar,Noida,2024-02-13,Google Ads
C01468,Sneha Patel,Hyderabad,2025-07-31,Referral
C01469,Sneha Patel,Noida,2024-07-18,Organic
C01470,Ananya Mishra,Hyderabad,2025-04-29,Instagram Ads
C01471,Neha Singh,Chennai,2024-05-29,Instagram Ads
C01472,Rohan Agarwal,Delhi,2025-02-09,Instagram Ads
C01473,Priya Verma,Mumbai,2024-12-23,Organic
C01474,Amit Kumar,Bengaluru,2025-10-14,Google Ads
C01475,Priya Verma,Hyderabad,2024-01-31,Organic
C01476,Priya Verma,Chennai,2024-07-23,Instagram Ads
C01477,Rohan Agarwal,Delhi,2025-03-06,WhatsApp Campaign
C01478,Arjun Gupta,Hyderabad,2024-12-22,WhatsApp Campaign
C01479,Rohan Agarwal,Mumbai,2025-01-20,Referral
C01480,Rohan Agarwal,Noida,2024-10-08,Instagram Ads
C01481,Rohan Agarwal,Mumbai,2025-11-14,Instagram Ads
C01482,Neha Singh,Bengaluru,2024-04-02,Google Ads
C01483,Amit Kumar,Noida,2024-01-17,WhatsApp Campaign
C01484,Arjun Gupta,Chennai,2025-05-15,Organic
C01485,Rahul Sharma,Gurugram,2025-04-30,Instagram Ads
C01486,Rohan Agarwal,Hyderabad,2025-09-06,Organic
C01487,Rohan Agarwal,Noida,2024-09-05,WhatsApp Campaign
C01488,Sneha Patel,Pune,2025-05-15,Organic
C01489,Rahul Sharma,Pune,2025-10-19,WhatsApp Campaign
C01490,Ananya Mishra,Noida,2024-12-20,Instagram Ads
C01491,Rohan Agarwal,Hyderabad,2024-01-15,Google Ads
C01492,Rohan Agarwal,Noida,2025-01-25,Google Ads
C01493,Priya Verma,Pune,2024-08-12,WhatsApp Campaign
C01494,Amit Kumar,Bengaluru,2025-01-13,WhatsApp Campaign
C01495,Rohan Agarwal,Delhi,2025-06-07,Google Ads
C01496,Neha Singh,Noida,2025-11-28,Google Ads
C01497,Amit Kumar,Delhi,2025-03-10,Instagram Ads
C01498,Arjun Gupta,Bengaluru,2024-07-24,WhatsApp Campaign
C01499,Arjun Gupta,Mumbai,2024-12-16,WhatsApp Campaign
C01500,Rahul Sharma,Hyderabad,2024-09-15,Referral
C01501,Sneha Patel,Mumbai,2024-12-21,WhatsApp Campaign
C01502,Rohan Agarwal,Hyderabad,2024-02-07,Referral
C01503,Arjun Gupta,Mumbai,2024-07-05,Google Ads
C01504,Priya Verma,Delhi,2025-10-22,Referral
C01505,Neha Singh,Delhi,2024-06-28,WhatsApp Campaign
C01506,Neha Singh,Bengaluru,2025-04-24,Organic
C01507,Rahul Sharma,Chennai,2024-12-10,WhatsApp Campaign
C01508,Arjun Gupta,Delhi,2024-04-13,Google Ads
C01509,Amit Kumar,Noida,2025-04-22,Organic
C01510,Rohan Agarwal,Delhi,2025-03-04,Organic
C01511,Sneha Patel,Hyderabad,2024-02-12,Google Ads
C01512,Rohan Agarwal,Hyderabad,2024-07-22,Instagram Ads
C01513,Neha Singh,Mumbai,2025-01-13,Instagram Ads
C01514,Rahul Sharma,Bengaluru,2024-04-15,Instagram Ads
C01515,Rahul Sharma,Pune,2025-04-06,Google Ads
C01516,Sneha Patel,Mumbai,2025-07-29,Instagram Ads
C01517,Neha Singh,Noida,2025-09-24,Google Ads
C01518,Rahul Sharma,Noida,2025-07-12,Organic
C01519,Ananya Mishra,Delhi,2025-08-13,Google Ads
C01520,Rahul Sharma,Delhi,2025-07-19,Organic
C01521,Rahul Sharma,Hyderabad,2025-11-03,WhatsApp Campaign
C01522,Rahul Sharma,Chennai,2024-06-07,Google Ads
C01523,Priya Verma,Chennai,2025-05-28,Google Ads
C01524,Rahul Sharma,Chennai,2024-06-10,Organic
C01525,Rahul Sharma,Pune,2025-11-26,Organic
C01526,Neha Singh,Bengaluru,2024-10-08,Organic
C01527,Rahul Sharma,Pune,2025-06-16,Referral
C01528,Amit Kumar,Noida,2024-01-09,Google Ads
C01529,Sneha Patel,Pune,2024-02-09,Organic
C01530,Rahul Sharma,Hyderabad,2025-10-02,WhatsApp Campaign
C01531,Ananya Mishra,Bengaluru,2024-06-16,Referral
C01532,Neha Singh,Pune,2025-11-23,WhatsApp Campaign
C01533,Arjun Gupta,Mumbai,2024-02-02,Instagram Ads
C01534,Sneha Patel,Mumbai,2024-05-24,WhatsApp Campaign
C01535,Rohan Agarwal,Pune,2024-08-20,Instagram Ads
C01536,Ananya Mishra,Hyderabad,2024-12-19,Google Ads
C01537,Neha Singh,Mumbai,2024-02-19,Referral
C01538,Priya Verma,Delhi,2025-11-04,Referral
C01539,Sneha Patel,Bengaluru,2025-01-10,Referral
C01540,Sneha Patel,Hyderabad,2024-05-13,Instagram Ads
C01541,Amit Kumar,Noida,2024-04-07,Google Ads
C01542,Priya Verma,Hyderabad,2024-03-30,WhatsApp Campaign
C01543,Rohan Agarwal,Bengaluru,2024-09-04,WhatsApp Campaign
C01544,Sneha Patel,Hyderabad,2024-05-28,Referral
C01545,Amit Kumar,Delhi,2025-03-13,Instagram Ads
C01546,Sneha Patel,Hyderabad,2024-01-10,Google Ads
C01547,Arjun Gupta,Mumbai,2025-09-02,Instagram Ads
C01548,Sneha Patel,Pune,2024-04-01,Google Ads
C01549,Priya Verma,Pune,2025-03-12,Organic
C01550,Rahul Sharma,Mumbai,2024-09-02,Google Ads
C01551,Arjun Gupta,Delhi,2024-01-18,WhatsApp Campaign
C01552,Neha Singh,Mumbai,2024-01-02,Instagram Ads
C01553,Ananya Mishra,Hyderabad,2025-11-27,WhatsApp Campaign
C01554,Priya Verma,Mumbai,2024-12-06,Referral
C01555,Arjun Gupta,Gurugram,2024-03-18,WhatsApp Campaign
C01556,Rahul Sharma,Noida,2024-05-23,Organic
C01557,Amit Kumar,Gurugram,2024-03-20,Instagram Ads
C01558,Ananya Mishra,Noida,2025-06-17,Referral
C01559,Priya Verma,Delhi,2024-01-24,Referral
C01560,Arjun Gupta,Mumbai,2025-10-29,Organic
C01561,Sneha Patel,Mumbai,2024-03-16,Google Ads
C01562,Amit Kumar,Noida,2024-10-14,WhatsApp Campaign
C01563,Ananya Mishra,Noida,2024-11-07,Organic
C01564,Arjun Gupta,Gurugram,2025-11-20,Organic
C01565,Sneha Patel,Gurugram,2025-11-04,Instagram Ads
C01566,Sneha Patel,Pune,2025-06-19,Referral
C01567,Priya Verma,Gurugram,2024-12-11,Referral
C01568,Rahul Sharma,Hyderabad,2025-11-16,Google Ads
C01569,Rahul Sharma,Hyderabad,2024-11-06,Google Ads
C01570,Rahul Sharma,Delhi,2025-10-10,WhatsApp Campaign
C01571,Priya Verma,Hyderabad,2025-02-25,Instagram Ads
C01572,Rohan Agarwal,Bengaluru,2024-01-31,Google Ads
C01573,Ananya Mishra,Hyderabad,2025-08-30,WhatsApp Campaign
C01574,Rohan Agarwal,Delhi,2025-03-01,Instagram Ads
C01575,Neha Singh,Noida,2025-01-02,Referral
C01576,Rohan Agarwal,Bengaluru,2025-09-12,WhatsApp Campaign
C01577,Ananya Mishra,Hyderabad,2024-02-19,Referral
C01578,Neha Singh,Gurugram,2024-04-09,Referral
C01579,Rahul Sharma,Noida,2025-04-23,WhatsApp Campaign
C01580,Ananya Mishra,Bengaluru,2025-11-02,Referral
C01581,Rohan Agarwal,Mumbai,2024-11-24,WhatsApp Campaign
C01582,Sneha Patel,Hyderabad,2024-10-16,Google Ads
C01583,Arjun Gupta,Hyderabad,2024-09-09,Google Ads
C01584,Rohan Agarwal,Gurugram,2024-02-27,Referral
C01585,Rohan Agarwal,Noida,2024-05-20,Instagram Ads
C01586,Sneha Patel,Pune,2025-05-07,Instagram Ads
C01587,Arjun Gupta,Hyderabad,2025-02-05,Referral
C01588,Rahul Sharma,Delhi,2024-10-21,Google Ads
C01589,Arjun Gupta,Chennai,2024-01-02,Instagram Ads
C01590,Rahul Sharma,Delhi,2024-07-09,Google Ads
C01591,Rohan Agarwal,Hyderabad,2024-02-20,Google Ads
C01592,Arjun Gupta,Gurugram,2025-02-02,Organic
C01593,Ananya Mishra,Hyderabad,2025-06-09,WhatsApp Campaign
C01594,Rahul Sharma,Bengaluru,2025-05-03,Referral
C01595,Amit Kumar,Bengaluru,2024-07-02,Google Ads
C01596,Sneha Patel,Pune,2025-10-21,Instagram Ads
C01597,Amit Kumar,Pune,2024-09-22,WhatsApp Campaign
C01598,Rahul Sharma,Bengaluru,2024-10-27,Organic
C01599,Rohan Agarwal,Chennai,2024-02-09,Instagram Ads
C01600,Rohan Agarwal,Hyderabad,2024-02-05,Referral
C01601,Rahul Sharma,Bengaluru,2025-05-16,Referral
C01602,Neha Singh,Mumbai,2024-07-06,WhatsApp Campaign
C01603,Sneha Patel,Chennai,2025-05-15,Referral
C01604,Ananya Mishra,Mumbai,2024-11-18,Organic
C01605,Amit Kumar,Hyderabad,2024-09-03,Instagram Ads
C01606,Priya Verma,Gurugram,2025-06-21,Referral
C01607,Rahul Sharma,Chennai,2025-06-04,Organic
C01608,Priya Verma,Gurugram,2025-05-09,WhatsApp Campaign
C01609,Arjun Gupta,Delhi,2024-05-17,Instagram Ads
C01610,Rohan Agarwal,Chennai,2024-06-11,WhatsApp Campaign
C01611,Neha Singh,Delhi,2025-03-14,Referral
C01612,Ananya Mishra,Noida,2024-10-30,Google Ads
C01613,Neha Singh,Delhi,2024-01-27,Referral
C01614,Priya Verma,Delhi,2025-03-11,Instagram Ads
C01615,Amit Kumar,Noida,2025-10-06,Google Ads
C01616,Rahul Sharma,Noida,2025-10-16,Instagram Ads
C01617,Amit Kumar,Gurugram,2024-04-27,Google Ads
C01618,Arjun Gupta,Chennai,2024-10-25,Organic
C01619,Rohan Agarwal,Bengaluru,2024-03-20,Instagram Ads
C01620,Amit Kumar,Mumbai,2025-02-04,WhatsApp Campaign
C01621,Neha Singh,Noida,2024-11-18,Organic
C01622,Rohan Agarwal,Gurugram,2025-06-03,Instagram Ads
C01623,Sneha Patel,Delhi,2025-06-16,Google Ads
C01624,Priya Verma,Chennai,2025-09-25,Google Ads
C01625,Priya Verma,Bengaluru,2024-09-20,Organic
C01626,Sneha Patel,Delhi,2024-06-03,Instagram Ads
C01627,Arjun Gupta,Hyderabad,2025-04-14,Instagram Ads
C01628,Amit Kumar,Mumbai,2025-03-15,Referral
C01629,Priya Verma,Delhi,2024-04-20,Instagram Ads
C01630,Neha Singh,Hyderabad,2024-07-03,Instagram Ads
C01631,Amit Kumar,Bengaluru,2024-02-09,Organic
C01632,Arjun Gupta,Noida,2024-11-19,Organic
C01633,Amit Kumar,Noida,2025-10-26,Instagram Ads
C01634,Neha Singh,Pune,2025-03-27,WhatsApp Campaign
C01635,Rahul Sharma,Chennai,2025-08-02,Referral
C01636,Priya Verma,Bengaluru,2025-07-26,Google Ads
C01637,Arjun Gupta,Delhi,2024-03-26,Organic
C01638,Neha Singh,Pune,2024-05-12,Referral
C01639,Rahul Sharma,Delhi,2025-03-19,Google Ads
C01640,Ananya Mishra,Delhi,2025-06-21,WhatsApp Campaign
C01641,Ananya Mishra,Mumbai,2025-05-03,Google Ads
C01642,Arjun Gupta,Mumbai,2025-03-11,Organic
C01643,Ananya Mishra,Bengaluru,2025-11-16,Organic
C01644,Rohan Agarwal,Gurugram,2025-07-17,WhatsApp Campaign
C01645,Priya Verma,Pune,2024-11-29,WhatsApp Campaign
C01646,Rohan Agarwal,Bengaluru,2024-02-02,WhatsApp Campaign
C01647,Arjun Gupta,Mumbai,2025-06-29,Organic
C01648,Priya Verma,Pune,2025-07-25,Referral
C01649,Rahul Sharma,Gurugram,2024-02-18,Google Ads
C01650,Rahul Sharma,Chennai,2024-11-14,Instagram Ads
C01651,Sneha Patel,Bengaluru,2024-09-26,Referral
C01652,Ananya Mishra,Pune,2025-01-10,Organic
C01653,Rahul Sharma,Chennai,2024-08-21,Referral
C01654,Arjun Gupta,Mumbai,2024-05-07,Organic
C01655,Neha Singh,Noida,2025-05-26,Referral
C01656,Priya Verma,Noida,2025-01-27,Instagram Ads
C01657,Rohan Agarwal,Gurugram,2024-03-08,WhatsApp Campaign
C01658,Arjun Gupta,Mumbai,2025-09-20,WhatsApp Campaign
C01659,Neha Singh,Chennai,2024-08-11,Google Ads
C01660,Rohan Agarwal,Pune,2024-08-02,Organic
C01661,Rahul Sharma,Bengaluru,2024-06-06,Referral
C01662,Arjun Gupta,Pune,2025-09-16,Organic
C01663,Arjun Gupta,Chennai,2024-06-12,Organic
C01664,Neha Singh,Gurugram,2024-01-02,Referral
C01665,Ananya Mishra,Hyderabad,2025-04-01,Google Ads
C01666,Arjun Gupta,Hyderabad,2024-04-25,Instagram Ads
C01667,Amit Kumar,Noida,2025-02-02,WhatsApp Campaign
C01668,Amit Kumar,Noida,2024-01-27,WhatsApp Campaign
C01669,Ananya Mishra,Noida,2025-08-21,Google Ads
C01670,Rohan Agarwal,Delhi,2024-04-08,Google Ads
C01671,Sneha Patel,Bengaluru,2025-06-19,WhatsApp Campaign
C01672,Neha Singh,Delhi,2025-03-15,Google Ads
C01673,Amit Kumar,Delhi,2024-11-21,WhatsApp Campaign
C01674,Sneha Patel,Mumbai,2024-11-14,Organic
C01675,Arjun Gupta,Gurugram,2025-10-15,Instagram Ads
C01676,Ananya Mishra,Gurugram,2025-04-25,Google Ads
C01677,Amit Kumar,Chennai,2024-02-11,Instagram Ads
C01678,Amit Kumar,Gurugram,2025-05-04,WhatsApp Campaign
C01679,Sneha Patel,Mumbai,2024-06-07,WhatsApp Campaign
C01680,Sneha Patel,Delhi,2024-02-03,Organic
C01681,Sneha Patel,Bengaluru,2025-10-12,Instagram Ads
C01682,Ananya Mishra,Noida,2024-11-21,Instagram Ads
C01683,Amit Kumar,Bengaluru,2025-10-21,Organic
C01684,Arjun Gupta,Noida,2024-06-26,WhatsApp Campaign
C01685,Neha Singh,Hyderabad,2024-08-31,Organic
C01686,Arjun Gupta,Bengaluru,2024-01-02,Instagram Ads
C01687,Priya Verma,Chennai,2025-04-03,Google Ads
C01688,Amit Kumar,Gurugram,2024-05-26,WhatsApp Campaign
C01689,Arjun Gupta,Hyderabad,2025-01-19,Referral
C01690,Arjun Gupta,Gurugram,2024-02-25,Referral
C01691,Priya Verma,Gurugram,2024-01-23,WhatsApp Campaign
C01692,Arjun Gupta,Delhi,2025-01-02,Google Ads
C01693,Amit Kumar,Chennai,2024-07-27,Referral
C01694,Arjun Gupta,Pune,2025-05-09,WhatsApp Campaign
C01695,Sneha Patel,Gurugram,2025-07-05,Instagram Ads
C01696,Rohan Agarwal,Noida,2024-02-03,WhatsApp Campaign
C01697,Sneha Patel,Mumbai,2024-06-20,Instagram Ads
C01698,Ananya Mishra,Gurugram,2025-11-16,Referral
C01699,Rahul Sharma,Pune,2025-10-07,Referral
C01700,Amit Kumar,Pune,2025-03-10,Referral
C01701,Neha Singh,Noida,2024-11-06,Referral
C01702,Neha Singh,Chennai,2025-06-08,WhatsApp Campaign
C01703,Arjun Gupta,Gurugram,2025-11-26,Referral
C01704,Neha Singh,Hyderabad,2024-10-12,Instagram Ads
C01705,Neha Singh,Pune,2024-01-26,WhatsApp Campaign
C01706,Amit Kumar,Bengaluru,2024-10-16,Organic
C01707,Ananya Mishra,Hyderabad,2024-09-04,WhatsApp Campaign
C01708,Sneha Patel,Noida,2025-06-01,Referral
C01709,Amit Kumar,Noida,2024-08-30,Referral
C01710,Rohan Agarwal,Delhi,2025-08-25,Referral
C01711,Amit Kumar,Noida,2024-02-07,WhatsApp Campaign
C01712,Rohan Agarwal,Delhi,2024-06-27,Referral
C01713,Rahul Sharma,Delhi,2025-01-09,Google Ads
C01714,Rohan Agarwal,Noida,2025-08-01,Google Ads
C01715,Neha Singh,Delhi,2025-05-27,Instagram Ads
C01716,Amit Kumar,Gurugram,2025-07-13,Instagram Ads
C01717,Sneha Patel,Bengaluru,2025-02-14,WhatsApp Campaign
C01718,Rohan Agarwal,Delhi,2024-05-14,Google Ads
C01719,Sneha Patel,Gurugram,2024-05-26,WhatsApp Campaign
C01720,Ananya Mishra,Chennai,2024-07-25,Instagram Ads
C01721,Arjun Gupta,Hyderabad,2024-10-17,Organic
C01722,Sneha Patel,Gurugram,2025-08-09,Referral
C01723,Neha Singh,Pune,2025-06-18,Referral
C01724,Amit Kumar,Hyderabad,2025-04-02,Instagram Ads
C01725,Arjun Gupta,Noida,2025-07-09,Organic
C01726,Sneha Patel,Bengaluru,2024-08-03,Google Ads
C01727,Sneha Patel,Gurugram,2024-07-20,Instagram Ads
C01728,Arjun Gupta,Chennai,2024-09-20,Instagram Ads
C01729,Priya Verma,Pune,2024-03-14,Google Ads
C01730,Neha Singh,Chennai,2024-12-15,WhatsApp Campaign
C01731,Sneha Patel,Delhi,2024-02-05,Referral
C01732,Arjun Gupta,Chennai,2024-11-08,Referral
C01733,Ananya Mishra,Noida,2025-02-01,Instagram Ads
C01734,Amit Kumar,Pune,2025-08-13,WhatsApp Campaign
C01735,Sneha Patel,Hyderabad,2025-05-17,Google Ads
C01736,Arjun Gupta,Chennai,2024-01-27,Instagram Ads
C01737,Neha Singh,Delhi,2025-05-05,Organic
C01738,Ananya Mishra,Pune,2024-11-27,Instagram Ads
C01739,Ananya Mishra,Pune,2025-10-27,Referral
C01740,Rahul Sharma,Mumbai,2024-09-23,Instagram Ads
C01741,Arjun Gupta,Chennai,2024-11-18,Referral
C01742,Priya Verma,Pune,2024-07-08,WhatsApp Campaign
C01743,Amit Kumar,Noida,2024-12-13,Google Ads
C01744,Amit Kumar,Noida,2025-10-03,Organic
C01745,Neha Singh,Hyderabad,2025-09-11,Organic
C01746,Amit Kumar,Bengaluru,2025-01-09,Organic
C01747,Amit Kumar,Gurugram,2024-03-07,Referral
C01748,Rohan Agarwal,Pune,2025-01-18,Referral
C01749,Sneha Patel,Noida,2024-01-14,Google Ads
C01750,Ananya Mishra,Noida,2025-02-25,Referral
C01751,Arjun Gupta,Mumbai,2025-09-15,WhatsApp Campaign
C01752,Amit Kumar,Chennai,2025-02-20,Google Ads
C01753,Ananya Mishra,Delhi,2025-07-12,Instagram Ads
C01754,Amit Kumar,Gurugram,2024-10-21,Instagram Ads
C01755,Ananya Mishra,Gurugram,2025-09-05,Instagram Ads
C01756,Priya Verma,Pune,2024-02-19,Google Ads
C01757,Sneha Patel,Bengaluru,2024-05-20,WhatsApp Campaign
C01758,Arjun Gupta,Pune,2024-07-31,Organic
C01759,Arjun Gupta,Bengaluru,2025-11-21,Google Ads
C01760,Priya Verma,Hyderabad,2024-07-24,WhatsApp Campaign
C01761,Rohan Agarwal,Bengaluru,2025-07-09,Google Ads
C01762,Rahul Sharma,Mumbai,2025-07-18,Google Ads
C01763,Neha Singh,Delhi,2024-03-02,Referral
C01764,Priya Verma,Gurugram,2024-07-21,Google Ads
C01765,Rohan Agarwal,Delhi,2025-03-23,Google Ads
C01766,Sneha Patel,Gurugram,2024-07-12,WhatsApp Campaign
C01767,Neha Singh,Chennai,2024-04-26,Organic
C01768,Rohan Agarwal,Mumbai,2024-03-02,Instagram Ads
C01769,Amit Kumar,Delhi,2025-10-13,WhatsApp Campaign
C01770,Neha Singh,Gurugram,2024-06-06,Organic
C01771,Rahul Sharma,Mumbai,2024-12-07,Referral
C01772,Rohan Agarwal,Noida,2025-06-02,Organic
C01773,Priya Verma,Hyderabad,2025-02-19,WhatsApp Campaign
C01774,Rohan Agarwal,Pune,2024-08-26,Referral
C01775,Priya Verma,Noida,2025-01-25,Instagram Ads
C01776,Amit Kumar,Chennai,2025-05-01,Referral
C01777,Neha Singh,Gurugram,2024-09-03,Google Ads
C01778,Rahul Sharma,Hyderabad,2024-12-23,WhatsApp Campaign
C01779,Amit Kumar,Gurugram,2025-11-15,Google Ads
C01780,Amit Kumar,Chennai,2024-08-19,WhatsApp Campaign
C01781,Amit Kumar,Delhi,2024-09-11,Organic
C01782,Priya Verma,Pune,2024-12-23,WhatsApp Campaign
C01783,Rohan Agarwal,Bengaluru,2025-01-21,Referral
C01784,Sneha Patel,Noida,2025-06-16,Organic
C01785,Sneha Patel,Delhi,2024-11-26,Organic
C01786,Neha Singh,Noida,2024-11-21,Instagram Ads
C01787,Amit Kumar,Pune,2025-07-22,Organic
C01788,Rohan Agarwal,Gurugram,2025-10-21,WhatsApp Campaign
C01789,Sneha Patel,Pune,2025-07-20,Instagram Ads
C01790,Amit Kumar,Gurugram,2025-02-28,Instagram Ads
C01791,Sneha Patel,Bengaluru,2025-06-14,Google Ads
C01792,Arjun Gupta,Bengaluru,2024-03-09,Referral
C01793,Ananya Mishra,Pune,2024-03-17,Google Ads
C01794,Arjun Gupta,Hyderabad,2024-11-25,WhatsApp Campaign
C01795,Neha Singh,Pune,2025-10-14,Referral
C01796,Priya Verma,Chennai,2024-04-12,Google Ads
C01797,Sneha Patel,Pune,2024-11-17,WhatsApp Campaign
C01798,Rahul Sharma,Delhi,2025-10-08,Referral
C01799,Arjun Gupta,Chennai,2025-04-09,Referral
C01800,Rohan Agarwal,Pune,2025-03-29,Google Ads
C01801,Amit Kumar,Gurugram,2025-05-26,Referral
C01802,Rohan Agarwal,Hyderabad,2025-06-05,WhatsApp Campaign
C01803,Sneha Patel,Hyderabad,2025-08-28,WhatsApp Campaign
C01804,Rohan Agarwal,Bengaluru,2024-02-29,Organic
C01805,Priya Verma,Pune,2024-01-30,Organic
C01806,Amit Kumar,Mumbai,2025-07-17,Instagram Ads
C01807,Ananya Mishra,Delhi,2024-08-21,WhatsApp Campaign
C01808,Neha Singh,Delhi,2024-07-28,Referral
C01809,Priya Verma,Chennai,2024-06-24,Referral
C01810,Sneha Patel,Bengaluru,2024-03-31,Organic
C01811,Arjun Gupta,Chennai,2024-10-09,Organic
C01812,Rohan Agarwal,Pune,2024-11-19,WhatsApp Campaign
C01813,Priya Verma,Noida,2025-03-26,WhatsApp Campaign
C01814,Priya Verma,Mumbai,2024-05-13,WhatsApp Campaign
C01815,Sneha Patel,Noida,2025-10-05,WhatsApp Campaign
C01816,Arjun Gupta,Bengaluru,2024-03-31,Instagram Ads
C01817,Priya Verma,Mumbai,2024-10-22,Google Ads
C01818,Priya Verma,Noida,2024-02-27,Instagram Ads
C01819,Arjun Gupta,Pune,2024-11-18,Google Ads
C01820,Neha Singh,Hyderabad,2024-08-07,Instagram Ads
C01821,Rohan Agarwal,Noida,2025-09-21,Instagram Ads
C01822,Rohan Agarwal,Noida,2025-07-27,Google Ads
C01823,Rohan Agarwal,Mumbai,2025-08-08,WhatsApp Campaign
C01824,Amit Kumar,Chennai,2024-08-07,Organic
C01825,Amit Kumar,Bengaluru,2024-10-03,WhatsApp Campaign
C01826,Rohan Agarwal,Mumbai,2025-04-18,Instagram Ads
C01827,Arjun Gupta,Pune,2024-12-09,Referral
C01828,Ananya Mishra,Pune,2024-05-23,Instagram Ads
C01829,Rahul Sharma,Mumbai,2024-06-16,Organic
C01830,Sneha Patel,Bengaluru,2024-11-04,Google Ads
C01831,Arjun Gupta,Pune,2025-08-08,Instagram Ads
C01832,Neha Singh,Hyderabad,2025-02-22,Google Ads
C01833,Amit Kumar,Pune,2024-02-03,Organic
C01834,Sneha Patel,Gurugram,2025-11-05,Instagram Ads
C01835,Sneha Patel,Gurugram,2024-11-05,Referral
C01836,Ananya Mishra,Bengaluru,2025-07-16,Instagram Ads
C01837,Sneha Patel,Noida,2025-11-10,Organic
C01838,Rahul Sharma,Mumbai,2025-07-05,Referral
C01839,Arjun Gupta,Hyderabad,2025-04-30,Organic
C01840,Sneha Patel,Delhi,2025-06-24,Google Ads
C01841,Ananya Mishra,Gurugram,2024-05-25,Instagram Ads
C01842,Rohan Agarwal,Pune,2025-07-10,Organic
C01843,Arjun Gupta,Pune,2025-10-12,Google Ads
C01844,Amit Kumar,Noida,2025-10-19,Organic
C01845,Neha Singh,Noida,2024-05-24,Referral
C01846,Rohan Agarwal,Chennai,2025-08-23,Instagram Ads
C01847,Amit Kumar,Mumbai,2024-11-18,Instagram Ads
C01848,Sneha Patel,Chennai,2024-02-28,WhatsApp Campaign
C01849,Rohan Agarwal,Chennai,2024-09-12,Instagram Ads
C01850,Rohan Agarwal,Mumbai,2025-10-24,Organic
C01851,Arjun Gupta,Pune,2024-10-20,Organic
C01852,Amit Kumar,Noida,2024-03-24,Google Ads
C01853,Amit Kumar,Noida,2025-11-07,Instagram Ads
C01854,Rahul Sharma,Bengaluru,2024-09-28,Referral
C01855,Neha Singh,Bengaluru,2025-01-12,Google Ads
C01856,Neha Singh,Noida,2025-08-08,WhatsApp Campaign
C01857,Priya Verma,Chennai,2025-12-01,Referral
C01858,Rahul Sharma,Mumbai,2024-09-26,Google Ads
C01859,Ananya Mishra,Bengaluru,2024-05-24,Google Ads
C01860,Amit Kumar,Delhi,2024-05-22,Referral
C01861,Rohan Agarwal,Noida,2024-07-13,Instagram Ads
C01862,Neha Singh,Hyderabad,2024-05-17,Organic
C01863,Neha Singh,Hyderabad,2024-03-03,Instagram Ads
C01864,Priya Verma,Chennai,2025-07-16,Organic
C01865,Ananya Mishra,Bengaluru,2025-06-26,WhatsApp Campaign
C01866,Arjun Gupta,Bengaluru,2024-04-26,Referral
C01867,Neha Singh,Delhi,2024-06-26,Referral
C01868,Rohan Agarwal,Delhi,2024-12-30,WhatsApp Campaign
C01869,Priya Verma,Pune,2024-12-13,WhatsApp Campaign
C01870,Priya Verma,Chennai,2024-12-31,Google Ads
C01871,Amit Kumar,Noida,2024-07-28,Instagram Ads
C01872,Amit Kumar,Bengaluru,2025-08-18,Google Ads
C01873,Neha Singh,Gurugram,2025-04-05,Instagram Ads
C01874,Rohan Agarwal,Chennai,2024-11-25,Referral
C01875,Sneha Patel,Noida,2024-02-23,Google Ads
C01876,Rahul Sharma,Noida,2024-09-28,Organic
C01877,Ananya Mishra,Delhi,2024-01-11,Instagram Ads
C01878,Rohan Agarwal,Mumbai,2024-12-07,Google Ads
C01879,Sneha Patel,Pune,2025-04-20,Instagram Ads
C01880,Neha Singh,Hyderabad,2024-05-10,Instagram Ads
C01881,Amit Kumar,Chennai,2024-06-20,Google Ads
C01882,Rahul Sharma,Noida,2025-07-18,Instagram Ads
C01883,Arjun Gupta,Delhi,2024-05-15,WhatsApp Campaign
C01884,Ananya Mishra,Noida,2024-09-15,WhatsApp Campaign
C01885,Sneha Patel,Gurugram,2025-10-20,WhatsApp Campaign
C01886,Rahul Sharma,Hyderabad,2024-08-30,WhatsApp Campaign
C01887,Neha Singh,Hyderabad,2025-06-01,Referral
C01888,Arjun Gupta,Gurugram,2024-04-10,WhatsApp Campaign
C01889,Rahul Sharma,Chennai,2024-10-05,Organic
C01890,Amit Kumar,Noida,2024-04-05,Referral
C01891,Neha Singh,Mumbai,2025-10-04,Google Ads
C01892,Neha Singh,Gurugram,2025-09-13,Organic
C01893,Sneha Patel,Noida,2025-05-23,Instagram Ads
C01894,Rohan Agarwal,Hyderabad,2024-02-03,Referral
C01895,Sneha Patel,Bengaluru,2024-02-14,WhatsApp Campaign
C01896,Rahul Sharma,Chennai,2025-08-11,Google Ads
C01897,Rahul Sharma,Pune,2024-08-07,WhatsApp Campaign
C01898,Arjun Gupta,Mumbai,2025-06-18,WhatsApp Campaign
C01899,Amit Kumar,Noida,2024-12-26,WhatsApp Campaign
C01900,Priya Verma,Bengaluru,2025-10-10,Instagram Ads
C01901,Arjun Gupta,Pune,2024-06-03,Google Ads
C01902,Arjun Gupta,Delhi,2024-05-24,Organic
C01903,Ananya Mishra,Mumbai,2024-12-28,Organic
C01904,Ananya Mishra,Pune,2025-03-20,Google Ads
C01905,Rahul Sharma,Chennai,2025-08-27,Instagram Ads
C01906,Ananya Mishra,Noida,2024-11-06,WhatsApp Campaign
C01907,Sneha Patel,Gurugram,2024-07-06,Google Ads
C01908,Amit Kumar,Mumbai,2025-11-26,Organic
C01909,Neha Singh,Mumbai,2025-09-10,Google Ads
C01910,Arjun Gupta,Pune,2025-04-25,WhatsApp Campaign
C01911,Amit Kumar,Mumbai,2025-04-30,Referral
C01912,Neha Singh,Chennai,2024-12-28,Organic
C01913,Rohan Agarwal,Chennai,2024-07-09,Google Ads
C01914,Priya Verma,Pune,2024-10-08,Instagram Ads
C01915,Ananya Mishra,Noida,2025-04-20,Organic
C01916,Neha Singh,Hyderabad,2024-03-18,Organic
C01917,Ananya Mishra,Noida,2025-08-20,Google Ads
C01918,Rohan Agarwal,Chennai,2024-08-06,WhatsApp Campaign
C01919,Sneha Patel,Mumbai,2025-01-20,Instagram Ads
C01920,Sneha Patel,Chennai,2024-05-08,Instagram Ads
C01921,Sneha Patel,Mumbai,2025-10-26,Organic
C01922,Arjun Gupta,Chennai,2024-03-20,Referral
C01923,Neha Singh,Pune,2024-10-30,WhatsApp Campaign
C01924,Amit Kumar,Mumbai,2025-06-17,Google Ads
C01925,Neha Singh,Noida,2024-09-23,Google Ads
C01926,Rahul Sharma,Bengaluru,2024-07-16,Referral
C01927,Ananya Mishra,Hyderabad,2025-06-09,Instagram Ads
C01928,Rahul Sharma,Chennai,2025-02-14,Google Ads
C01929,Arjun Gupta,Mumbai,2024-11-29,Referral
C01930,Rohan Agarwal,Gurugram,2025-02-12,WhatsApp Campaign
C01931,Arjun Gupta,Noida,2025-05-27,WhatsApp Campaign
C01932,Sneha Patel,Mumbai,2024-07-26,WhatsApp Campaign
C01933,Neha Singh,Pune,2025-09-20,Google Ads
C01934,Neha Singh,Noida,2025-11-03,Instagram Ads
C01935,Rohan Agarwal,Chennai,2024-07-13,WhatsApp Campaign
C01936,Neha Singh,Gurugram,2024-08-05,Google Ads
C01937,Priya Verma,Noida,2025-04-05,Instagram Ads
C01938,Arjun Gupta,Gurugram,2025-02-25,Organic
C01939,Rahul Sharma,Delhi,2025-02-02,Organic
C01940,Ananya Mishra,Mumbai,2025-01-30,Google Ads
C01941,Priya Verma,Noida,2025-08-06,Organic
C01942,Arjun Gupta,Noida,2024-02-21,Referral
C01943,Sneha Patel,Noida,2024-09-30,Organic
C01944,Ananya Mishra,Pune,2024-01-23,Instagram Ads
C01945,Ananya Mishra,Hyderabad,2025-09-01,Organic
C01946,Amit Kumar,Chennai,2025-08-05,Organic
C01947,Priya Verma,Chennai,2025-02-06,Google Ads
C01948,Rohan Agarwal,Chennai,2024-12-28,Organic
C01949,Amit Kumar,Chennai,2025-03-18,Organic
C01950,Rohan Agarwal,Gurugram,2025-03-26,Google Ads
C01951,Priya Verma,Chennai,2024-07-15,Referral
C01952,Amit Kumar,Noida,2025-05-18,Organic
C01953,Priya Verma,Chennai,2025-08-07,Instagram Ads
C01954,Arjun Gupta,Mumbai,2024-07-25,Organic
C01955,Rahul Sharma,Gurugram,2025-02-11,Referral
C01956,Rahul Sharma,Gurugram,2024-12-11,WhatsApp Campaign
C01957,Amit Kumar,Mumbai,2024-01-28,Instagram Ads
C01958,Ananya Mishra,Chennai,2025-10-06,Instagram Ads
C01959,Rohan Agarwal,Gurugram,2024-12-05,Organic
C01960,Sneha Patel,Noida,2025-09-21,Referral
C01961,Ananya Mishra,Noida,2024-03-01,WhatsApp Campaign
C01962,Sneha Patel,Hyderabad,2024-12-06,Referral
C01963,Neha Singh,Hyderabad,2025-09-30,Google Ads
C01964,Rohan Agarwal,Gurugram,2025-08-02,Referral
C01965,Rahul Sharma,Chennai,2024-01-16,Organic
C01966,Neha Singh,Hyderabad,2025-05-24,Organic
C01967,Arjun Gupta,Chennai,2025-07-11,Instagram Ads
C01968,Arjun Gupta,Mumbai,2024-05-13,Google Ads
C01969,Amit Kumar,Hyderabad,2024-04-06,WhatsApp Campaign
C01970,Priya Verma,Bengaluru,2025-06-26,WhatsApp Campaign
C01971,Amit Kumar,Bengaluru,2024-07-05,Google Ads
C01972,Neha Singh,Delhi,2025-02-21,Instagram Ads
C01973,Arjun Gupta,Hyderabad,2025-03-20,Referral
C01974,Neha Singh,Noida,2024-09-30,Organic
C01975,Amit Kumar,Chennai,2025-03-18,WhatsApp Campaign
C01976,Ananya Mishra,Mumbai,2024-02-16,WhatsApp Campaign
C01977,Amit Kumar,Gurugram,2024-03-21,WhatsApp Campaign
C01978,Neha Singh,Gurugram,2024-12-23,Organic
C01979,Rahul Sharma,Hyderabad,2024-10-13,WhatsApp Campaign
C01980,Amit Kumar,Noida,2025-04-21,Referral
C01981,Sneha Patel,Chennai,2024-10-23,WhatsApp Campaign
C01982,Neha Singh,Mumbai,2024-10-01,Instagram Ads
C01983,Rahul Sharma,Chennai,2025-07-23,Instagram Ads
C01984,Priya Verma,Bengaluru,2024-12-25,Organic
C01985,Neha Singh,Bengaluru,2025-02-17,Google Ads
C01986,Priya Verma,Hyderabad,2025-07-19,Referral
C01987,Ananya Mishra,Delhi,2024-05-18,Google Ads
C01988,Amit Kumar,Chennai,2025-11-05,WhatsApp Campaign
C01989,Arjun Gupta,Pune,2025-04-18,Google Ads
C01990,Amit Kumar,Chennai,2025-09-15,Referral
C01991,Ananya Mishra,Hyderabad,2024-10-10,Referral
C01992,Sneha Patel,Mumbai,2025-09-02,WhatsApp Campaign
C01993,Sneha Patel,Delhi,2025-10-01,WhatsApp Campaign
C01994,Rohan Agarwal,Pune,2025-01-10,Organic
C01995,Rahul Sharma,Pune,2025-04-08,Instagram Ads
C01996,Sneha Patel,Pune,2025-04-24,Instagram Ads
C01997,Neha Singh,Pune,2024-09-02,Organic
C01998,Rohan Agarwal,Mumbai,2025-06-20,Google Ads
C01999,Rahul Sharma,Delhi,2024-06-07,WhatsApp Campaign
C02000,Sneha Patel,Mumbai,2024-11-15,Referral
C02001,Ananya Mishra,Pune,2025-04-25,Referral
C02002,Amit Kumar,Gurugram,2024-08-18,Referral
C02003,Sneha Patel,Bengaluru,2024-11-15,Organic
C02004,Neha Singh,Noida,2025-08-18,Google Ads
C02005,Ananya Mishra,Pune,2025-01-15,Google Ads
C02006,Neha Singh,Gurugram,2025-01-01,Organic
C02007,Amit Kumar,Gurugram,2024-07-17,WhatsApp Campaign
C02008,Priya Verma,Bengaluru,2025-03-16,Organic
C02009,Arjun Gupta,Hyderabad,2025-10-10,WhatsApp Campaign
C02010,Neha Singh,Bengaluru,2024-01-29,Instagram Ads
C02011,Amit Kumar,Hyderabad,2024-02-22,Referral
C02012,Sneha Patel,Noida,2024-11-07,Organic
C02013,Neha Singh,Hyderabad,2025-05-15,WhatsApp Campaign
C02014,Sneha Patel,Gurugram,2025-06-26,Google Ads
C02015,Sneha Patel,Hyderabad,2025-11-09,Organic
C02016,Rohan Agarwal,Pune,2025-10-19,Referral
C02017,Sneha Patel,Delhi,2024-02-19,Referral
C02018,Ananya Mishra,Pune,2025-04-12,WhatsApp Campaign
C02019,Priya Verma,Noida,2025-08-13,Instagram Ads
C02020,Sneha Patel,Bengaluru,2025-09-14,Organic
C02021,Rahul Sharma,Hyderabad,2025-09-13,WhatsApp Campaign
C02022,Rohan Agarwal,Delhi,2025-03-29,Google Ads
C02023,Neha Singh,Noida,2024-10-02,Google Ads
C02024,Rohan Agarwal,Chennai,2024-08-28,Referral
C02025,Rahul Sharma,Noida,2024-01-24,Instagram Ads
C02026,Priya Verma,Hyderabad,2025-08-10,WhatsApp Campaign
C02027,Sneha Patel,Chennai,2025-10-23,Instagram Ads
C02028,Neha Singh,Pune,2025-07-30,Referral
C02029,Amit Kumar,Delhi,2024-04-07,Organic
C02030,Ananya Mishra,Hyderabad,2024-01-10,Organic
C02031,Priya Verma,Delhi,2024-04-09,Google Ads
C02032,Ananya Mishra,Hyderabad,2024-11-11,Google Ads
C02033,Neha Singh,Gurugram,2024-12-28,Referral
C02034,Rahul Sharma,Delhi,2024-01-16,Instagram Ads
C02035,Priya Verma,Hyderabad,2024-08-13,Referral
C02036,Rohan Agarwal,Hyderabad,2024-04-19,Organic
C02037,Neha Singh,Chennai,2025-07-23,Referral
C02038,Neha Singh,Delhi,2024-07-12,WhatsApp Campaign
C02039,Rahul Sharma,Mumbai,2025-06-07,Instagram Ads
C02040,Priya Verma,Delhi,2025-06-16,Instagram Ads
C02041,Arjun Gupta,Hyderabad,2024-04-28,Google Ads
C02042,Sneha Patel,Gurugram,2024-12-28,Instagram Ads
C02043,Amit Kumar,Gurugram,2025-01-03,Referral
C02044,Arjun Gupta,Pune,2025-09-02,WhatsApp Campaign
C02045,Arjun Gupta,Chennai,2024-02-09,Instagram Ads
C02046,Neha Singh,Bengaluru,2024-10-22,Instagram Ads
C02047,Arjun Gupta,Pune,2024-01-27,Google Ads
C02048,Amit Kumar,Bengaluru,2024-07-04,Google Ads
C02049,Rahul Sharma,Delhi,2025-01-20,Referral
C02050,Rohan Agarwal,Chennai,2025-08-11,WhatsApp Campaign
C02051,Neha Singh,Bengaluru,2025-08-09,Instagram Ads
C02052,Ananya Mishra,Chennai,2025-11-09,Instagram Ads
C02053,Ananya Mishra,Delhi,2025-10-27,Instagram Ads
C02054,Sneha Patel,Noida,2024-09-04,WhatsApp Campaign
C02055,Neha Singh,Pune,2025-04-10,Google Ads
C02056,Ananya Mishra,Bengaluru,2024-06-12,Organic
C02057,Rahul Sharma,Hyderabad,2024-03-08,Organic
C02058,Sneha Patel,Bengaluru,2024-02-24,Instagram Ads
C02059,Sneha Patel,Bengaluru,2024-09-07,Referral
C02060,Rohan Agarwal,Pune,2025-07-16,Referral
C02061,Rahul Sharma,Pune,2025-05-27,Instagram Ads
C02062,Priya Verma,Gurugram,2025-07-24,Google Ads
C02063,Arjun Gupta,Chennai,2024-10-26,Google Ads
C02064,Rahul Sharma,Gurugram,2024-08-15,Google Ads
C02065,Sneha Patel,Noida,2025-10-08,Referral
C02066,Ananya Mishra,Noida,2024-02-28,WhatsApp Campaign
C02067,Priya Verma,Noida,2025-04-15,Google Ads
C02068,Ananya Mishra,Hyderabad,2025-09-11,WhatsApp Campaign
C02069,Rahul Sharma,Chennai,2024-05-28,WhatsApp Campaign
C02070,Rohan Agarwal,Chennai,2024-07-04,Instagram Ads
C02071,Priya Verma,Pune,2024-07-16,Instagram Ads
C02072,Sneha Patel,Chennai,2025-06-19,Organic
C02073,Ananya Mishra,Chennai,2025-08-17,Organic
C02074,Sneha Patel,Mumbai,2024-12-23,WhatsApp Campaign
C02075,Rohan Agarwal,Gurugram,2024-05-09,Google Ads
C02076,Rahul Sharma,Hyderabad,2025-11-19,Instagram Ads
C02077,Ananya Mishra,Chennai,2024-06-22,Instagram Ads
C02078,Sneha Patel,Gurugram,2024-06-24,Google Ads
C02079,Amit Kumar,Bengaluru,2024-04-29,Organic
C02080,Amit Kumar,Delhi,2025-06-18,Referral
C02081,Amit Kumar,Gurugram,2025-04-19,Organic
C02082,Arjun Gupta,Gurugram,2024-01-25,Instagram Ads
C02083,Priya Verma,Chennai,2024-01-07,Referral
C02084,Neha Singh,Chennai,2024-02-01,Instagram Ads
C02085,Neha Singh,Chennai,2025-03-02,Referral
C02086,Neha Singh,Chennai,2024-05-25,Organic
C02087,Rohan Agarwal,Mumbai,2025-07-02,Referral
C02088,Priya Verma,Pune,2024-09-13,Instagram Ads
C02089,Rohan Agarwal,Mumbai,2025-04-19,Organic
C02090,Sneha Patel,Hyderabad,2025-07-20,Instagram Ads
C02091,Neha Singh,Gurugram,2024-08-20,WhatsApp Campaign
C02092,Sneha Patel,Chennai,2025-02-23,Organic
C02093,Arjun Gupta,Bengaluru,2025-09-19,Referral
C02094,Ananya Mishra,Chennai,2024-06-05,WhatsApp Campaign
C02095,Rahul Sharma,Gurugram,2024-07-18,Organic
C02096,Priya Verma,Pune,2024-03-31,Referral
C02097,Amit Kumar,Delhi,2025-04-06,WhatsApp Campaign
C02098,Sneha Patel,Delhi,2025-10-20,Referral
C02099,Arjun Gupta,Bengaluru,2024-05-19,WhatsApp Campaign
C02100,Rohan Agarwal,Chennai,2025-01-25,WhatsApp Campaign
C02101,Sneha Patel,Hyderabad,2025-01-20,Organic
C02102,Priya Verma,Gurugram,2025-10-05,Referral
C02103,Neha Singh,Mumbai,2025-10-09,Organic
C02104,Rahul Sharma,Hyderabad,2024-02-10,Organic
C02105,Rohan Agarwal,Mumbai,2025-07-17,Referral
C02106,Priya Verma,Pune,2024-10-22,WhatsApp Campaign
C02107,Arjun Gupta,Pune,2025-09-19,Referral
C02108,Amit Kumar,Mumbai,2025-05-28,Google Ads
C02109,Neha Singh,Bengaluru,2025-01-07,Organic
C02110,Amit Kumar,Gurugram,2025-07-26,Google Ads
C02111,Rahul Sharma,Gurugram,2024-06-30,Organic
C02112,Rahul Sharma,Pune,2025-06-09,Referral
C02113,Neha Singh,Noida,2024-11-03,Google Ads
C02114,Priya Verma,Gurugram,2025-09-06,Organic
C02115,Priya Verma,Bengaluru,2024-02-27,Referral
C02116,Rohan Agarwal,Hyderabad,2025-08-22,Organic
C02117,Priya Verma,Mumbai,2025-02-16,Google Ads
C02118,Ananya Mishra,Bengaluru,2024-01-29,WhatsApp Campaign
C02119,Ananya Mishra,Chennai,2024-02-14,Referral
C02120,Rahul Sharma,Gurugram,2024-11-23,WhatsApp Campaign
C02121,Priya Verma,Chennai,2024-12-26,Google Ads
C02122,Neha Singh,Mumbai,2024-05-22,Google Ads
C02123,Ananya Mishra,Bengaluru,2025-08-09,WhatsApp Campaign
C02124,Rahul Sharma,Gurugram,2025-05-23,Organic
C02125,Neha Singh,Mumbai,2024-07-18,Referral
C02126,Rohan Agarwal,Delhi,2024-07-25,Referral
C02127,Rahul Sharma,Bengaluru,2025-07-15,Referral
C02128,Arjun Gupta,Noida,2024-02-05,Referral
C02129,Neha Singh,Bengaluru,2024-03-20,Organic
C02130,Ananya Mishra,Noida,2025-03-18,Google Ads
C02131,Priya Verma,Bengaluru,2024-01-21,Organic
C02132,Amit Kumar,Gurugram,2024-11-25,Google Ads
C02133,Arjun Gupta,Bengaluru,2025-10-14,Google Ads
C02134,Rahul Sharma,Bengaluru,2025-11-04,Organic
C02135,Rohan Agarwal,Hyderabad,2024-01-21,Organic
C02136,Sneha Patel,Delhi,2024-11-13,Organic
C02137,Rahul Sharma,Delhi,2024-10-20,Referral
C02138,Amit Kumar,Bengaluru,2025-02-03,Google Ads
C02139,Rahul Sharma,Chennai,2024-08-02,Organic
C02140,Rohan Agarwal,Mumbai,2024-04-25,Instagram Ads
C02141,Sneha Patel,Hyderabad,2024-10-18,WhatsApp Campaign
C02142,Amit Kumar,Gurugram,2024-07-22,WhatsApp Campaign
C02143,Sneha Patel,Delhi,2024-10-16,WhatsApp Campaign
C02144,Amit Kumar,Delhi,2024-03-18,Google Ads
C02145,Rahul Sharma,Bengaluru,2024-11-17,Organic
C02146,Sneha Patel,Delhi,2025-10-10,Organic
C02147,Neha Singh,Noida,2025-11-22,Referral
C02148,Rahul Sharma,Gurugram,2024-05-25,WhatsApp Campaign
C02149,Sneha Patel,Mumbai,2025-11-10,WhatsApp Campaign
C02150,Priya Verma,Delhi,2025-04-21,Google Ads
C02151,Rohan Agarwal,Chennai,2025-04-18,Referral
C02152,Rohan Agarwal,Hyderabad,2025-10-06,WhatsApp Campaign
C02153,Rohan Agarwal,Pune,2024-10-30,Referral
C02154,Rahul Sharma,Gurugram,2025-03-10,Referral
C02155,Arjun Gupta,Chennai,2024-03-08,Instagram Ads
C02156,Priya Verma,Hyderabad,2024-12-02,Google Ads
C02157,Neha Singh,Noida,2024-08-18,Referral
C02158,Amit Kumar,Bengaluru,2024-01-11,Instagram Ads
C02159,Arjun Gupta,Chennai,2025-05-25,Organic
C02160,Priya Verma,Mumbai,2024-01-12,Organic
C02161,Amit Kumar,Gurugram,2025-06-12,WhatsApp Campaign
C02162,Rohan Agarwal,Bengaluru,2024-02-15,Google Ads
C02163,Priya Verma,Gurugram,2025-04-24,Organic
C02164,Neha Singh,Hyderabad,2024-10-30,Google Ads
C02165,Rahul Sharma,Gurugram,2024-08-08,Instagram Ads
C02166,Neha Singh,Delhi,2024-09-07,Google Ads
C02167,Amit Kumar,Pune,2025-08-04,Referral
C02168,Rohan Agarwal,Bengaluru,2024-11-09,Organic
C02169,Amit Kumar,Hyderabad,2024-05-29,Instagram Ads
C02170,Rahul Sharma,Pune,2024-08-13,Google Ads
C02171,Ananya Mishra,Hyderabad,2025-02-02,Referral
C02172,Rahul Sharma,Mumbai,2025-10-31,Organic
C02173,Amit Kumar,Hyderabad,2024-07-02,Google Ads
C02174,Priya Verma,Bengaluru,2024-11-09,Organic
C02175,Rahul Sharma,Pune,2024-07-24,Google Ads
C02176,Rahul Sharma,Noida,2024-08-14,Instagram Ads
C02177,Ananya Mishra,Hyderabad,2024-05-24,Organic
C02178,Arjun Gupta,Noida,2024-01-24,Instagram Ads
C02179,Arjun Gupta,Chennai,2024-03-13,WhatsApp Campaign
C02180,Arjun Gupta,Bengaluru,2025-02-15,Instagram Ads
C02181,Arjun Gupta,Delhi,2025-03-18,Referral
C02182,Sneha Patel,Mumbai,2025-11-19,Google Ads
C02183,Amit Kumar,Bengaluru,2024-03-07,Organic
C02184,Rohan Agarwal,Bengaluru,2024-07-30,WhatsApp Campaign
C02185,Priya Verma,Mumbai,2024-05-23,Organic
C02186,Sneha Patel,Noida,2025-03-22,Organic
C02187,Arjun Gupta,Hyderabad,2024-08-18,Instagram Ads
C02188,Neha Singh,Hyderabad,2025-11-11,Google Ads
C02189,Arjun Gupta,Chennai,2024-05-27,Instagram Ads
C02190,Rahul Sharma,Hyderabad,2024-08-24,Google Ads
C02191,Priya Verma,Delhi,2024-10-03,Instagram Ads
C02192,Amit Kumar,Mumbai,2025-07-29,Google Ads
C02193,Neha Singh,Delhi,2024-05-20,Google Ads
C02194,Ananya Mishra,Gurugram,2024-09-18,Referral
C02195,Rahul Sharma,Bengaluru,2024-02-04,WhatsApp Campaign
C02196,Neha Singh,Delhi,2024-01-07,WhatsApp Campaign
C02197,Rohan Agarwal,Gurugram,2025-11-13,WhatsApp Campaign
C02198,Sneha Patel,Chennai,2024-01-29,WhatsApp Campaign
C02199,Rahul Sharma,Chennai,2024-06-23,Google Ads
C02200,Rohan Agarwal,Hyderabad,2024-07-21,WhatsApp Campaign
C02201,Rahul Sharma,Pune,2025-04-15,Organic
C02202,Sneha Patel,Delhi,2024-11-17,Organic
C02203,Priya Verma,Bengaluru,2025-08-14,Referral
C02204,Rohan Agarwal,Hyderabad,2024-01-07,Instagram Ads
C02205,Rahul Sharma,Gurugram,2025-09-02,Instagram Ads
C02206,Sneha Patel,Hyderabad,2024-08-27,WhatsApp Campaign
C02207,Ananya Mishra,Bengaluru,2025-01-23,Instagram Ads
C02208,Amit Kumar,Mumbai,2024-08-12,WhatsApp Campaign
C02209,Ananya Mishra,Gurugram,2024-02-10,Referral
C02210,Sneha Patel,Bengaluru,2025-09-28,Instagram Ads
C02211,Sneha Patel,Gurugram,2025-06-14,Organic
C02212,Neha Singh,Mumbai,2025-10-24,Instagram Ads
C02213,Arjun Gupta,Bengaluru,2024-02-08,Google Ads
C02214,Sneha Patel,Delhi,2025-09-08,WhatsApp Campaign
C02215,Priya Verma,Pune,2025-01-11,Organic
C02216,Ananya Mishra,Bengaluru,2024-10-21,Instagram Ads
C02217,Rohan Agarwal,Mumbai,2025-06-18,Referral
C02218,Sneha Patel,Chennai,2025-10-27,WhatsApp Campaign
C02219,Neha Singh,Delhi,2025-04-02,Referral
C02220,Ananya Mishra,Mumbai,2024-09-21,Referral
C02221,Priya Verma,Pune,2025-01-11,Instagram Ads
C02222,Ananya Mishra,Pune,2025-01-17,Google Ads
C02223,Ananya Mishra,Gurugram,2024-07-13,Referral
C02224,Rahul Sharma,Delhi,2024-12-15,WhatsApp Campaign
C02225,Rohan Agarwal,Hyderabad,2025-07-17,Referral
C02226,Rohan Agarwal,Gurugram,2024-04-11,WhatsApp Campaign
C02227,Priya Verma,Bengaluru,2025-06-15,Organic
C02228,Neha Singh,Bengaluru,2024-04-27,Instagram Ads
C02229,Rohan Agarwal,Chennai,2024-11-13,Organic
C02230,Priya Verma,Delhi,2024-07-15,Instagram Ads
C02231,Rohan Agarwal,Gurugram,2025-01-14,WhatsApp Campaign
C02232,Arjun Gupta,Chennai,2025-06-13,WhatsApp Campaign
C02233,Amit Kumar,Mumbai,2025-05-30,Referral
C02234,Amit Kumar,Mumbai,2025-03-04,Referral
C02235,Neha Singh,Gurugram,2025-03-09,WhatsApp Campaign
C02236,Rohan Agarwal,Pune,2024-07-04,Organic
C02237,Amit Kumar,Mumbai,2024-06-11,WhatsApp Campaign
C02238,Neha Singh,Bengaluru,2025-03-19,Google Ads
C02239,Rohan Agarwal,Mumbai,2025-09-05,Referral
C02240,Rohan Agarwal,Bengaluru,2025-05-18,Organic
C02241,Sneha Patel,Noida,2025-10-04,Google Ads
C02242,Sneha Patel,Chennai,2025-04-11,WhatsApp Campaign
C02243,Neha Singh,Pune,2025-01-25,Referral
C02244,Arjun Gupta,Hyderabad,2025-11-12,WhatsApp Campaign
C02245,Ananya Mishra,Chennai,2024-11-01,Referral
C02246,Sneha Patel,Pune,2025-10-12,WhatsApp Campaign
C02247,Priya Verma,Gurugram,2024-09-23,Organic
C02248,Priya Verma,Chennai,2025-11-11,Instagram Ads
C02249,Arjun Gupta,Bengaluru,2024-12-20,WhatsApp Campaign
C02250,Amit Kumar,Gurugram,2024-02-20,Instagram Ads
C02251,Amit Kumar,Bengaluru,2025-05-26,Referral
C02252,Neha Singh,Chennai,2025-07-20,Instagram Ads
C02253,Priya Verma,Pune,2025-02-07,Google Ads
C02254,Ananya Mishra,Delhi,2024-11-20,WhatsApp Campaign
C02255,Sneha Patel,Pune,2024-11-25,Organic
C02256,Rohan Agarwal,Bengaluru,2025-03-13,WhatsApp Campaign
C02257,Rahul Sharma,Pune,2024-08-02,Referral
C02258,Sneha Patel,Noida,2024-01-16,Instagram Ads
C02259,Rahul Sharma,Bengaluru,2024-08-30,Organic
C02260,Amit Kumar,Noida,2024-05-14,Google Ads
C02261,Rohan Agarwal,Noida,2025-08-17,Google Ads
C02262,Amit Kumar,Hyderabad,2025-01-11,WhatsApp Campaign
C02263,Arjun Gupta,Chennai,2024-07-25,Referral
C02264,Ananya Mishra,Chennai,2025-04-26,Instagram Ads
C02265,Rahul Sharma,Chennai,2024-02-27,Organic
C02266,Ananya Mishra,Gurugram,2025-11-18,Instagram Ads
C02267,Rahul Sharma,Noida,2024-08-15,Instagram Ads
C02268,Arjun Gupta,Chennai,2025-05-04,Organic
C02269,Rohan Agarwal,Chennai,2025-05-08,Organic
C02270,Arjun Gupta,Chennai,2025-01-01,Referral
C02271,Rohan Agarwal,Pune,2024-02-01,Organic
C02272,Priya Verma,Chennai,2025-03-22,Google Ads
C02273,Rahul Sharma,Delhi,2025-06-14,Referral
C02274,Priya Verma,Mumbai,2024-12-20,Organic
C02275,Ananya Mishra,Noida,2024-02-03,Organic
C02276,Ananya Mishra,Delhi,2025-07-13,WhatsApp Campaign
C02277,Neha Singh,Chennai,2025-05-01,Organic
C02278,Priya Verma,Noida,2024-04-14,Organic
C02279,Arjun Gupta,Chennai,2025-09-14,WhatsApp Campaign
C02280,Neha Singh,Pune,2025-07-18,Google Ads
C02281,Rahul Sharma,Mumbai,2024-02-26,Google Ads
C02282,Neha Singh,Hyderabad,2024-04-09,Organic
C02283,Sneha Patel,Hyderabad,2025-11-13,Referral
C02284,Rahul Sharma,Bengaluru,2024-01-06,Instagram Ads
C02285,Neha Singh,Chennai,2024-03-31,WhatsApp Campaign
C02286,Rahul Sharma,Gurugram,2025-08-20,Google Ads
C02287,Sneha Patel,Bengaluru,2025-10-16,Google Ads
C02288,Priya Verma,Chennai,2024-06-02,Referral
C02289,Priya Verma,Hyderabad,2025-09-21,Google Ads
C02290,Ananya Mishra,Pune,2025-06-22,Instagram Ads
C02291,Neha Singh,Pune,2025-03-08,Organic
C02292,Rahul Sharma,Chennai,2025-11-30,Instagram Ads
C02293,Amit Kumar,Chennai,2024-03-04,Instagram Ads
C02294,Amit Kumar,Hyderabad,2025-01-04,Referral
C02295,Priya Verma,Mumbai,2024-04-11,Organic
C02296,Neha Singh,Chennai,2025-03-28,Google Ads
C02297,Rahul Sharma,Chennai,2024-08-10,Referral
C02298,Priya Verma,Pune,2024-03-02,Referral
C02299,Neha Singh,Pune,2025-03-08,Organic
C02300,Rohan Agarwal,Gurugram,2025-04-09,Organic
C02301,Neha Singh,Noida,2024-07-22,Google Ads
C02302,Neha Singh,Pune,2024-06-02,WhatsApp Campaign
C02303,Ananya Mishra,Noida,2025-03-11,Google Ads
C02304,Arjun Gupta,Delhi,2024-03-10,WhatsApp Campaign
C02305,Amit Kumar,Bengaluru,2025-03-07,Google Ads
C02306,Rahul Sharma,Delhi,2024-01-25,Referral
C02307,Rohan Agarwal,Delhi,2025-05-25,WhatsApp Campaign
C02308,Rohan Agarwal,Pune,2025-02-12,Google Ads
C02309,Rahul Sharma,Delhi,2024-08-10,Instagram Ads
C02310,Priya Verma,Hyderabad,2025-10-29,Google Ads
C02311,Amit Kumar,Noida,2025-05-24,Referral
C02312,Arjun Gupta,Hyderabad,2025-05-29,Referral
C02313,Arjun Gupta,Chennai,2024-12-02,Instagram Ads
C02314,Ananya Mishra,Delhi,2024-08-16,Instagram Ads
C02315,Ananya Mishra,Gurugram,2025-06-20,Instagram Ads
C02316,Arjun Gupta,Mumbai,2025-03-02,Google Ads
C02317,Rohan Agarwal,Gurugram,2025-06-30,Instagram Ads
C02318,Priya Verma,Noida,2025-08-25,Organic
C02319,Rahul Sharma,Delhi,2024-03-14,Google Ads
C02320,Neha Singh,Pune,2025-10-11,WhatsApp Campaign
C02321,Arjun Gupta,Pune,2024-03-18,Google Ads
C02322,Ananya Mishra,Chennai,2025-06-29,Organic
C02323,Rahul Sharma,Delhi,2025-10-20,Organic
C02324,Amit Kumar,Hyderabad,2024-05-12,Referral
C02325,Neha Singh,Noida,2025-08-25,Google Ads
C02326,Ananya Mishra,Chennai,2025-05-10,Instagram Ads
C02327,Neha Singh,Delhi,2025-06-14,Google Ads
C02328,Arjun Gupta,Hyderabad,2024-02-06,Referral
C02329,Sneha Patel,Chennai,2025-05-31,WhatsApp Campaign
C02330,Arjun Gupta,Gurugram,2025-05-07,Google Ads
C02331,Sneha Patel,Delhi,2025-05-24,Instagram Ads
C02332,Rahul Sharma,Chennai,2024-04-18,Organic
C02333,Rahul Sharma,Noida,2024-02-12,Google Ads
C02334,Neha Singh,Noida,2024-10-15,Instagram Ads
C02335,Rohan Agarwal,Bengaluru,2024-09-25,Organic
C02336,Ananya Mishra,Chennai,2024-06-17,Referral
C02337,Rahul Sharma,Chennai,2025-07-18,Instagram Ads
C02338,Rohan Agarwal,Chennai,2025-06-25,Instagram Ads
C02339,Ananya Mishra,Chennai,2025-02-03,Google Ads
C02340,Rahul Sharma,Noida,2024-04-11,Google Ads
C02341,Rohan Agarwal,Noida,2024-01-01,Instagram Ads
C02342,Priya Verma,Gurugram,2024-09-13,Google Ads
C02343,Neha Singh,Delhi,2025-07-02,Referral
C02344,Amit Kumar,Delhi,2024-09-09,Instagram Ads
C02345,Ananya Mishra,Bengaluru,2025-08-30,Referral
C02346,Ananya Mishra,Gurugram,2025-10-12,Google Ads
C02347,Arjun Gupta,Bengaluru,2024-01-21,WhatsApp Campaign
C02348,Amit Kumar,Hyderabad,2024-04-23,Organic
C02349,Rohan Agarwal,Bengaluru,2024-01-07,Instagram Ads
C02350,Amit Kumar,Bengaluru,2024-02-11,Instagram Ads
C02351,Amit Kumar,Pune,2024-02-04,WhatsApp Campaign
C02352,Ananya Mishra,Chennai,2024-12-30,Instagram Ads
C02353,Sneha Patel,Gurugram,2025-04-17,Google Ads
C02354,Rahul Sharma,Chennai,2024-05-20,Google Ads
C02355,Amit Kumar,Mumbai,2024-09-29,Organic
C02356,Ananya Mishra,Gurugram,2025-04-16,Instagram Ads
C02357,Neha Singh,Noida,2024-07-08,Referral
C02358,Rahul Sharma,Chennai,2024-04-30,Instagram Ads
C02359,Arjun Gupta,Gurugram,2024-06-20,Instagram Ads
C02360,Rahul Sharma,Pune,2025-08-10,Instagram Ads
C02361,Neha Singh,Bengaluru,2025-01-30,WhatsApp Campaign
C02362,Neha Singh,Pune,2025-01-10,Google Ads
C02363,Neha Singh,Chennai,2025-09-29,Organic
C02364,Neha Singh,Noida,2024-06-01,Instagram Ads
C02365,Priya Verma,Chennai,2025-01-25,WhatsApp Campaign
C02366,Neha Singh,Bengaluru,2024-06-19,Instagram Ads
C02367,Sneha Patel,Chennai,2024-11-20,Organic
C02368,Priya Verma,Noida,2025-06-06,Organic
C02369,Rohan Agarwal,Bengaluru,2025-06-29,Referral
C02370,Rahul Sharma,Delhi,2025-08-17,Instagram Ads
C02371,Priya Verma,Chennai,2024-12-02,WhatsApp Campaign
C02372,Priya Verma,Hyderabad,2024-10-05,WhatsApp Campaign
C02373,Rohan Agarwal,Hyderabad,2024-11-05,Google Ads
C02374,Ananya Mishra,Chennai,2025-01-28,Organic
C02375,Arjun Gupta,Delhi,2024-11-15,WhatsApp Campaign
C02376,Rahul Sharma,Delhi,2024-10-15,Instagram Ads
C02377,Amit Kumar,Noida,2024-01-04,Google Ads
C02378,Rohan Agarwal,Pune,2025-07-09,Referral
C02379,Arjun Gupta,Bengaluru,2024-09-16,Referral
C02380,Amit Kumar,Bengaluru,2025-09-18,Organic
C02381,Rohan Agarwal,Hyderabad,2024-11-14,Google Ads
C02382,Priya Verma,Bengaluru,2024-07-09,Instagram Ads
C02383,Rahul Sharma,Delhi,2024-11-05,Instagram Ads
C02384,Priya Verma,Chennai,2024-07-19,Instagram Ads
C02385,Rohan Agarwal,Chennai,2025-11-05,Instagram Ads
C02386,Sneha Patel,Bengaluru,2024-10-07,WhatsApp Campaign
C02387,Rohan Agarwal,Mumbai,2025-11-18,Google Ads
C02388,Priya Verma,Gurugram,2025-07-08,Referral
C02389,Arjun Gupta,Noida,2025-04-05,Referral
C02390,Rohan Agarwal,Gurugram,2025-11-16,Referral
C02391,Sneha Patel,Pune,2025-05-19,Organic
C02392,Rohan Agarwal,Mumbai,2024-06-14,Referral
C02393,Arjun Gupta,Bengaluru,2024-09-03,Organic
C02394,Ananya Mishra,Gurugram,2025-05-07,Referral
C02395,Ananya Mishra,Bengaluru,2025-11-07,Organic
C02396,Ananya Mishra,Hyderabad,2025-02-17,Organic
C02397,Amit Kumar,Gurugram,2025-09-04,Instagram Ads
C02398,Amit Kumar,Gurugram,2024-12-22,Organic
C02399,Rahul Sharma,Pune,2024-03-19,Google Ads
C02400,Neha Singh,Chennai,2025-05-10,Google Ads
C02401,Rahul Sharma,Noida,2025-03-16,Instagram Ads
C02402,Neha Singh,Pune,2024-01-04,Referral
C02403,Amit Kumar,Gurugram,2025-08-04,Organic
C02404,Neha Singh,Gurugram,2024-10-14,Organic
C02405,Amit Kumar,Chennai,2025-05-30,WhatsApp Campaign
C02406,Amit Kumar,Chennai,2025-05-21,Google Ads
C02407,Arjun Gupta,Noida,2025-08-27,Referral
C02408,Neha Singh,Hyderabad,2025-04-22,Referral
C02409,Amit Kumar,Delhi,2025-04-16,WhatsApp Campaign
C02410,Sneha Patel,Gurugram,2024-01-04,Google Ads
C02411,Priya Verma,Bengaluru,2025-03-30,Referral
C02412,Sneha Patel,Hyderabad,2024-12-22,Google Ads
C02413,Ananya Mishra,Mumbai,2025-04-04,Instagram Ads
C02414,Arjun Gupta,Mumbai,2024-01-09,Referral
C02415,Amit Kumar,Delhi,2025-04-14,Google Ads
C02416,Neha Singh,Chennai,2025-11-27,Referral
C02417,Amit Kumar,Pune,2024-06-23,Instagram Ads
C02418,Rahul Sharma,Pune,2024-04-21,Google Ads
C02419,Arjun Gupta,Noida,2024-08-07,Instagram Ads
C02420,Ananya Mishra,Pune,2025-04-10,Instagram Ads
C02421,Ananya Mishra,Hyderabad,2025-03-16,Instagram Ads
C02422,Neha Singh,Chennai,2024-05-11,Instagram Ads
C02423,Neha Singh,Hyderabad,2025-03-22,Referral
C02424,Neha Singh,Noida,2025-11-14,WhatsApp Campaign
C02425,Rohan Agarwal,Hyderabad,2024-06-13,Instagram Ads
C02426,Neha Singh,Delhi,2024-07-10,Google Ads
C02427,Rohan Agarwal,Mumbai,2025-06-05,WhatsApp Campaign
C02428,Ananya Mishra,Noida,2024-09-07,Google Ads
C02429,Arjun Gupta,Gurugram,2025-06-20,WhatsApp Campaign
C02430,Neha Singh,Mumbai,2025-04-02,Referral
C02431,Neha Singh,Hyderabad,2025-11-07,WhatsApp Campaign
C02432,Rohan Agarwal,Delhi,2025-11-06,Instagram Ads
C02433,Arjun Gupta,Chennai,2025-08-02,Instagram Ads
C02434,Amit Kumar,Chennai,2024-06-20,Referral
C02435,Sneha Patel,Pune,2025-05-06,Google Ads
C02436,Rahul Sharma,Pune,2024-11-02,Referral
C02437,Priya Verma,Pune,2024-09-05,Referral
C02438,Ananya Mishra,Pune,2024-03-01,WhatsApp Campaign
C02439,Priya Verma,Hyderabad,2025-03-05,Google Ads
C02440,Rahul Sharma,Hyderabad,2025-01-22,WhatsApp Campaign
C02441,Sneha Patel,Mumbai,2025-05-09,Organic
C02442,Priya Verma,Pune,2024-11-09,Organic
C02443,Sneha Patel,Delhi,2024-06-18,Instagram Ads
C02444,Amit Kumar,Gurugram,2025-03-08,Referral
C02445,Rahul Sharma,Noida,2025-01-30,Organic
C02446,Arjun Gupta,Delhi,2024-08-13,Referral
C02447,Neha Singh,Hyderabad,2025-01-14,Instagram Ads
C02448,Rahul Sharma,Mumbai,2024-01-14,Organic
C02449,Rohan Agarwal,Hyderabad,2025-11-27,Organic
C02450,Sneha Patel,Pune,2024-11-05,Google Ads
C02451,Arjun Gupta,Bengaluru,2025-08-12,Instagram Ads
C02452,Neha Singh,Mumbai,2024-08-24,Organic
C02453,Amit Kumar,Gurugram,2024-04-30,Referral
C02454,Rohan Agarwal,Mumbai,2024-03-19,Instagram Ads
C02455,Priya Verma,Noida,2025-07-11,Organic
C02456,Ananya Mishra,Bengaluru,2024-09-08,Google Ads
C02457,Rohan Agarwal,Bengaluru,2025-01-02,Instagram Ads
C02458,Rahul Sharma,Bengaluru,2024-02-24,Instagram Ads
C02459,Priya Verma,Bengaluru,2025-06-23,Instagram Ads
C02460,Sneha Patel,Gurugram,2024-04-16,Instagram Ads
C02461,Ananya Mishra,Delhi,2025-11-16,Google Ads
C02462,Ananya Mishra,Hyderabad,2025-09-17,WhatsApp Campaign
C02463,Arjun Gupta,Mumbai,2025-09-08,WhatsApp Campaign
C02464,Arjun Gupta,Delhi,2024-06-14,Organic
C02465,Rohan Agarwal,Mumbai,2024-07-08,Organic
C02466,Neha Singh,Delhi,2025-09-23,Referral
C02467,Arjun Gupta,Pune,2025-01-10,Referral
C02468,Rohan Agarwal,Delhi,2024-07-03,Referral
C02469,Arjun Gupta,Delhi,2024-08-28,Referral
C02470,Neha Singh,Gurugram,2024-09-03,Referral
C02471,Sneha Patel,Noida,2024-04-20,WhatsApp Campaign
C02472,Amit Kumar,Noida,2025-08-25,Referral
C02473,Priya Verma,Bengaluru,2024-05-22,Organic
C02474,Arjun Gupta,Hyderabad,2024-02-02,Organic
C02475,Ananya Mishra,Noida,2024-03-11,Google Ads
C02476,Arjun Gupta,Chennai,2024-01-03,Organic
C02477,Sneha Patel,Hyderabad,2025-09-17,Organic
C02478,Amit Kumar,Hyderabad,2024-11-10,Google Ads
C02479,Sneha Patel,Bengaluru,2025-06-28,Referral
C02480,Rohan Agarwal,Noida,2024-04-13,Google Ads
C02481,Sneha Patel,Hyderabad,2025-04-15,Instagram Ads
C02482,Priya Verma,Bengaluru,2024-06-25,WhatsApp Campaign
C02483,Neha Singh,Noida,2025-08-26,Google Ads
C02484,Amit Kumar,Mumbai,2025-10-05,Referral
C02485,Sneha Patel,Gurugram,2025-04-29,Referral
C02486,Neha Singh,Gurugram,2025-03-03,Google Ads
C02487,Amit Kumar,Noida,2024-04-17,Google Ads
C02488,Arjun Gupta,Delhi,2025-04-10,Referral
C02489,Arjun Gupta,Chennai,2024-07-30,Instagram Ads
C02490,Priya Verma,Mumbai,2024-12-20,Google Ads
C02491,Arjun Gupta,Pune,2025-03-22,Organic
C02492,Sneha Patel,Gurugram,2024-02-04,Google Ads
C02493,Arjun Gupta,Chennai,2025-10-01,Google Ads
C02494,Rahul Sharma,Pune,2024-04-07,WhatsApp Campaign
C02495,Neha Singh,Hyderabad,2024-01-12,Instagram Ads
C02496,Sneha Patel,Noida,2025-06-12,Organic
C02497,Rahul Sharma,Hyderabad,2025-05-07,WhatsApp Campaign
C02498,Rohan Agarwal,Bengaluru,2024-01-30,Referral
C02499,Rohan Agarwal,Delhi,2025-11-18,Instagram Ads
C02500,Neha Singh,Bengaluru,2025-11-17,Google Ads
C02501,Sneha Patel,Hyderabad,2024-01-18,Instagram Ads
C02502,Rohan Agarwal,Pune,2025-11-22,Referral
C02503,Ananya Mishra,Gurugram,2024-05-14,Instagram Ads
C02504,Sneha Patel,Hyderabad,2025-05-05,WhatsApp Campaign
C02505,Neha Singh,Mumbai,2025-03-25,Referral
C02506,Arjun Gupta,Hyderabad,2024-09-09,Instagram Ads
C02507,Ananya Mishra,Hyderabad,2025-02-28,Instagram Ads
C02508,Amit Kumar,Mumbai,2025-02-23,WhatsApp Campaign
C02509,Priya Verma,Gurugram,2025-08-21,Organic
C02510,Priya Verma,Hyderabad,2024-06-04,WhatsApp Campaign
C02511,Sneha Patel,Chennai,2024-10-18,Google Ads
C02512,Amit Kumar,Hyderabad,2024-01-08,Google Ads
C02513,Arjun Gupta,Delhi,2024-11-29,Organic
C02514,Rahul Sharma,Hyderabad,2024-10-21,Referral
C02515,Rahul Sharma,Bengaluru,2024-08-27,WhatsApp Campaign
C02516,Sneha Patel,Noida,2024-01-29,Referral
C02517,Ananya Mishra,Pune,2025-06-05,Organic
C02518,Priya Verma,Chennai,2024-12-20,Referral
C02519,Arjun Gupta,Pune,2024-10-18,WhatsApp Campaign
C02520,Rahul Sharma,Hyderabad,2024-02-08,Google Ads
C02521,Rahul Sharma,Gurugram,2025-09-27,Instagram Ads
C02522,Arjun Gupta,Pune,2024-12-19,Organic
C02523,Ananya Mishra,Delhi,2024-07-01,Referral
C02524,Amit Kumar,Noida,2024-10-21,Google Ads
C02525,Priya Verma,Delhi,2024-06-12,Organic
C02526,Priya Verma,Gurugram,2025-07-20,Referral
C02527,Rahul Sharma,Hyderabad,2024-12-14,Instagram Ads
C02528,Neha Singh,Mumbai,2024-09-06,Referral
C02529,Neha Singh,Gurugram,2025-01-28,Google Ads
C02530,Rohan Agarwal,Mumbai,2025-02-25,Organic
C02531,Rohan Agarwal,Gurugram,2025-08-03,WhatsApp Campaign
C02532,Rohan Agarwal,Noida,2024-05-28,Instagram Ads
C02533,Ananya Mishra,Pune,2024-11-14,WhatsApp Campaign
C02534,Sneha Patel,Gurugram,2024-05-24,Google Ads
C02535,Sneha Patel,Bengaluru,2024-04-07,Organic
C02536,Amit Kumar,Hyderabad,2024-11-26,Referral
C02537,Amit Kumar,Gurugram,2025-05-09,Referral
C02538,Ananya Mishra,Delhi,2024-01-31,Instagram Ads
C02539,Amit Kumar,Gurugram,2024-07-27,WhatsApp Campaign
C02540,Rahul Sharma,Gurugram,2024-08-06,Organic
C02541,Amit Kumar,Hyderabad,2025-06-12,Referral
C02542,Rohan Agarwal,Bengaluru,2025-10-31,Instagram Ads
C02543,Rahul Sharma,Chennai,2024-02-04,WhatsApp Campaign
C02544,Sneha Patel,Mumbai,2025-11-02,Instagram Ads
C02545,Rahul Sharma,Noida,2025-04-01,Google Ads
C02546,Ananya Mishra,Pune,2025-03-12,Google Ads
C02547,Neha Singh,Mumbai,2025-11-04,Referral
C02548,Arjun Gupta,Chennai,2025-05-30,Instagram Ads
C02549,Ananya Mishra,Pune,2024-03-12,Instagram Ads
C02550,Priya Verma,Mumbai,2024-07-29,Organic
C02551,Rohan Agarwal,Gurugram,2024-08-20,Referral
C02552,Ananya Mishra,Chennai,2025-05-26,Google Ads
C02553,Ananya Mishra,Gurugram,2024-10-05,Organic
C02554,Ananya Mishra,Mumbai,2025-08-21,Referral
C02555,Ananya Mishra,Pune,2024-08-23,Google Ads
C02556,Sneha Patel,Noida,2025-10-25,Instagram Ads
C02557,Arjun Gupta,Pune,2024-08-09,Organic
C02558,Neha Singh,Noida,2025-11-08,WhatsApp Campaign
C02559,Neha Singh,Noida,2025-04-13,Referral
C02560,Rahul Sharma,Mumbai,2025-05-11,Instagram Ads
C02561,Arjun Gupta,Delhi,2025-03-05,Organic
C02562,Rahul Sharma,Chennai,2024-02-24,Instagram Ads
C02563,Amit Kumar,Mumbai,2025-03-03,Google Ads
C02564,Rohan Agarwal,Mumbai,2025-09-11,WhatsApp Campaign
C02565,Rohan Agarwal,Chennai,2025-11-05,Organic
C02566,Rohan Agarwal,Delhi,2024-08-19,Instagram Ads
C02567,Arjun Gupta,Mumbai,2024-05-17,Referral
C02568,Sneha Patel,Chennai,2024-09-15,Google Ads
C02569,Sneha Patel,Hyderabad,2025-07-06,Google Ads
C02570,Arjun Gupta,Hyderabad,2024-02-11,Instagram Ads
C02571,Sneha Patel,Chennai,2024-09-30,Google Ads
C02572,Ananya Mishra,Hyderabad,2024-08-13,WhatsApp Campaign
C02573,Sneha Patel,Bengaluru,2025-05-19,Referral
C02574,Amit Kumar,Noida,2025-08-22,Instagram Ads
C02575,Amit Kumar,Hyderabad,2024-08-22,WhatsApp Campaign
C02576,Priya Verma,Bengaluru,2024-11-05,WhatsApp Campaign
C02577,Sneha Patel,Noida,2024-05-04,Organic
C02578,Amit Kumar,Bengaluru,2024-10-07,Organic
C02579,Sneha Patel,Pune,2024-12-27,Google Ads
C02580,Neha Singh,Gurugram,2024-03-19,Referral
C02581,Amit Kumar,Delhi,2025-02-10,Instagram Ads
C02582,Priya Verma,Delhi,2024-01-11,Google Ads
C02583,Arjun Gupta,Pune,2024-12-04,Google Ads
C02584,Rohan Agarwal,Hyderabad,2025-04-10,Instagram Ads
C02585,Amit Kumar,Bengaluru,2024-05-22,Instagram Ads
C02586,Rohan Agarwal,Chennai,2024-01-26,Organic
C02587,Rahul Sharma,Chennai,2025-11-17,WhatsApp Campaign
C02588,Rahul Sharma,Pune,2024-11-18,Instagram Ads
C02589,Neha Singh,Gurugram,2025-03-12,Instagram Ads
C02590,Rohan Agarwal,Pune,2025-05-27,Organic
C02591,Rahul Sharma,Bengaluru,2025-03-18,WhatsApp Campaign
C02592,Ananya Mishra,Mumbai,2025-08-08,Instagram Ads
C02593,Arjun Gupta,Delhi,2024-11-09,Organic
C02594,Neha Singh,Gurugram,2024-09-13,Referral
C02595,Rohan Agarwal,Delhi,2025-06-08,WhatsApp Campaign
C02596,Neha Singh,Hyderabad,2024-05-22,Referral
C02597,Rohan Agarwal,Mumbai,2024-02-07,Referral
C02598,Sneha Patel,Noida,2025-07-08,WhatsApp Campaign
C02599,Rahul Sharma,Pune,2024-12-13,WhatsApp Campaign
C02600,Sneha Patel,Mumbai,2025-09-15,Referral
C02601,Sneha Patel,Delhi,2024-10-08,WhatsApp Campaign
C02602,Arjun Gupta,Noida,2025-10-05,Referral
C02603,Ananya Mishra,Bengaluru,2024-01-03,Instagram Ads
C02604,Arjun Gupta,Noida,2025-02-03,Referral
C02605,Sneha Patel,Gurugram,2024-05-18,Instagram Ads
C02606,Amit Kumar,Hyderabad,2024-02-25,Instagram Ads
C02607,Neha Singh,Bengaluru,2024-05-31,Referral
C02608,Arjun Gupta,Hyderabad,2024-07-31,Google Ads
C02609,Ananya Mishra,Delhi,2024-03-10,Instagram Ads
C02610,Arjun Gupta,Bengaluru,2024-09-16,Instagram Ads
C02611,Amit Kumar,Pune,2025-01-16,Organic
C02612,Amit Kumar,Noida,2025-01-16,Organic
C02613,Rohan Agarwal,Gurugram,2024-11-20,Referral
C02614,Neha Singh,Chennai,2025-04-10,Google Ads
C02615,Neha Singh,Hyderabad,2025-06-30,WhatsApp Campaign
C02616,Priya Verma,Hyderabad,2025-09-23,Referral
C02617,Sneha Patel,Mumbai,2024-12-10,Referral
C02618,Ananya Mishra,Noida,2024-05-20,WhatsApp Campaign
C02619,Arjun Gupta,Bengaluru,2025-05-25,Organic
C02620,Rohan Agarwal,Chennai,2024-09-20,Instagram Ads
C02621,Priya Verma,Gurugram,2024-03-12,Google Ads
C02622,Ananya Mishra,Delhi,2024-04-12,Organic
C02623,Rohan Agarwal,Gurugram,2024-02-09,Organic
C02624,Sneha Patel,Delhi,2024-10-24,Organic
C02625,Rohan Agarwal,Gurugram,2024-09-27,Google Ads
C02626,Amit Kumar,Hyderabad,2024-01-26,Google Ads
C02627,Ananya Mishra,Gurugram,2024-03-14,Google Ads
C02628,Rahul Sharma,Mumbai,2024-02-23,Google Ads
C02629,Neha Singh,Hyderabad,2024-01-30,Organic
C02630,Rohan Agarwal,Noida,2025-07-12,Google Ads
C02631,Ananya Mishra,Hyderabad,2025-01-14,Organic
C02632,Priya Verma,Chennai,2025-04-10,WhatsApp Campaign
C02633,Neha Singh,Gurugram,2024-02-08,Referral
C02634,Arjun Gupta,Delhi,2024-01-17,Google Ads
C02635,Sneha Patel,Bengaluru,2024-04-06,Instagram Ads
C02636,Arjun Gupta,Chennai,2025-08-11,Organic
C02637,Arjun Gupta,Pune,2024-02-23,Organic
C02638,Rohan Agarwal,Delhi,2025-08-19,Google Ads
C02639,Rahul Sharma,Chennai,2024-06-18,Referral
C02640,Rahul Sharma,Delhi,2025-10-18,Organic
C02641,Arjun Gupta,Mumbai,2025-11-28,Google Ads
C02642,Amit Kumar,Pune,2024-09-29,Referral
C02643,Sneha Patel,Mumbai,2025-02-28,Referral
C02644,Arjun Gupta,Chennai,2025-05-24,Google Ads
C02645,Priya Verma,Hyderabad,2025-03-01,WhatsApp Campaign
C02646,Rohan Agarwal,Gurugram,2025-09-18,Organic
C02647,Arjun Gupta,Bengaluru,2025-11-13,Google Ads
C02648,Rohan Agarwal,Noida,2024-02-10,Referral
C02649,Amit Kumar,Bengaluru,2025-02-07,Organic
C02650,Priya Verma,Gurugram,2025-04-14,Referral
C02651,Arjun Gupta,Mumbai,2024-11-05,Google Ads
C02652,Sneha Patel,Mumbai,2024-03-30,Referral
C02653,Sneha Patel,Chennai,2024-06-29,Organic
C02654,Rohan Agarwal,Pune,2024-03-13,Referral
C02655,Neha Singh,Gurugram,2025-01-04,WhatsApp Campaign
C02656,Ananya Mishra,Noida,2024-09-07,Google Ads
C02657,Sneha Patel,Bengaluru,2024-12-31,Instagram Ads
C02658,Arjun Gupta,Delhi,2025-07-25,Instagram Ads
C02659,Amit Kumar,Pune,2024-01-01,Organic
C02660,Rahul Sharma,Hyderabad,2024-03-03,Organic
C02661,Priya Verma,Pune,2025-02-13,Instagram Ads
C02662,Neha Singh,Gurugram,2024-06-24,Referral
C02663,Rahul Sharma,Bengaluru,2024-07-20,Organic
C02664,Sneha Patel,Gurugram,2024-12-15,Google Ads
C02665,Sneha Patel,Bengaluru,2025-07-10,Referral
C02666,Priya Verma,Chennai,2024-12-06,Organic
C02667,Rohan Agarwal,Noida,2024-07-21,Google Ads
C02668,Ananya Mishra,Chennai,2025-04-09,Instagram Ads
C02669,Ananya Mishra,Hyderabad,2025-02-23,WhatsApp Campaign
C02670,Rohan Agarwal,Delhi,2025-01-11,WhatsApp Campaign
C02671,Sneha Patel,Noida,2024-01-26,Google Ads
C02672,Rahul Sharma,Delhi,2025-06-22,WhatsApp Campaign
C02673,Priya Verma,Bengaluru,2024-08-21,Referral
C02674,Arjun Gupta,Gurugram,2024-12-30,Google Ads
C02675,Priya Verma,Chennai,2024-07-20,Organic
C02676,Amit Kumar,Pune,2024-06-09,Instagram Ads
C02677,Rohan Agarwal,Delhi,2025-06-20,Google Ads
C02678,Priya Verma,Bengaluru,2024-10-15,Instagram Ads
C02679,Sneha Patel,Hyderabad,2024-08-08,Instagram Ads
C02680,Arjun Gupta,Noida,2025-05-28,Google Ads
C02681,Neha Singh,Gurugram,2025-08-16,Organic
C02682,Ananya Mishra,Hyderabad,2025-08-06,Instagram Ads
C02683,Amit Kumar,Delhi,2024-09-03,Referral
C02684,Amit Kumar,Delhi,2024-04-30,WhatsApp Campaign
C02685,Rohan Agarwal,Mumbai,2025-07-29,WhatsApp Campaign
C02686,Arjun Gupta,Noida,2024-08-07,Instagram Ads
C02687,Rohan Agarwal,Mumbai,2025-06-25,Instagram Ads
C02688,Sneha Patel,Bengaluru,2025-10-09,WhatsApp Campaign
C02689,Rohan Agarwal,Hyderabad,2024-06-02,Organic
C02690,Ananya Mishra,Bengaluru,2024-05-24,Instagram Ads
C02691,Rahul Sharma,Chennai,2025-04-10,Organic
C02692,Ananya Mishra,Chennai,2025-08-08,Google Ads
C02693,Neha Singh,Mumbai,2024-02-28,Instagram Ads
C02694,Rohan Agarwal,Mumbai,2025-02-22,Instagram Ads
C02695,Arjun Gupta,Delhi,2025-04-18,Referral
C02696,Neha Singh,Chennai,2024-04-15,Referral
C02697,Amit Kumar,Bengaluru,2024-11-04,WhatsApp Campaign
C02698,Amit Kumar,Chennai,2025-09-12,Google Ads
C02699,Ananya Mishra,Bengaluru,2025-03-31,WhatsApp Campaign
C02700,Amit Kumar,Noida,2024-09-21,Referral
C02701,Rahul Sharma,Noida,2025-08-25,Organic
C02702,Neha Singh,Pune,2024-08-27,Organic
C02703,Priya Verma,Noida,2024-04-03,Google Ads
C02704,Arjun Gupta,Noida,2024-12-25,Referral
C02705,Priya Verma,Noida,2025-03-16,Instagram Ads
C02706,Priya Verma,Gurugram,2024-11-24,Organic
C02707,Priya Verma,Gurugram,2024-03-05,WhatsApp Campaign
C02708,Rohan Agarwal,Chennai,2025-08-08,Google Ads
C02709,Priya Verma,Gurugram,2025-06-12,WhatsApp Campaign
C02710,Rohan Agarwal,Pune,2025-08-26,Referral
C02711,Neha Singh,Chennai,2024-07-09,Instagram Ads
C02712,Neha Singh,Noida,2024-01-30,Instagram Ads
C02713,Rahul Sharma,Mumbai,2024-11-05,Organic
C02714,Ananya Mishra,Pune,2024-02-07,WhatsApp Campaign
C02715,Priya Verma,Delhi,2024-02-09,WhatsApp Campaign
C02716,Arjun Gupta,Delhi,2024-05-20,Instagram Ads
C02717,Rohan Agarwal,Noida,2025-06-25,Referral
C02718,Rohan Agarwal,Pune,2024-09-25,Google Ads
C02719,Amit Kumar,Mumbai,2025-11-09,Google Ads
C02720,Priya Verma,Delhi,2024-02-07,Instagram Ads
C02721,Amit Kumar,Bengaluru,2025-02-07,Google Ads
C02722,Amit Kumar,Bengaluru,2024-10-14,Google Ads
C02723,Priya Verma,Mumbai,2024-02-14,WhatsApp Campaign
C02724,Rohan Agarwal,Pune,2024-03-30,Organic
C02725,Ananya Mishra,Delhi,2024-09-26,WhatsApp Campaign
C02726,Priya Verma,Bengaluru,2024-10-26,WhatsApp Campaign
C02727,Priya Verma,Noida,2024-06-16,Google Ads
C02728,Rohan Agarwal,Bengaluru,2025-03-31,Referral
C02729,Rohan Agarwal,Hyderabad,2024-08-22,Organic
C02730,Rahul Sharma,Mumbai,2025-04-20,Referral
C02731,Amit Kumar,Chennai,2025-09-01,Google Ads
C02732,Sneha Patel,Noida,2025-11-11,Google Ads
C02733,Neha Singh,Delhi,2025-11-03,Referral
C02734,Amit Kumar,Mumbai,2025-06-15,WhatsApp Campaign
C02735,Priya Verma,Chennai,2024-04-30,Referral
C02736,Neha Singh,Noida,2024-06-28,Organic
C02737,Rohan Agarwal,Noida,2024-03-16,Organic
C02738,Neha Singh,Gurugram,2025-09-12,Referral
C02739,Arjun Gupta,Pune,2025-10-19,Google Ads
C02740,Ananya Mishra,Hyderabad,2024-03-24,Google Ads
C02741,Rohan Agarwal,Hyderabad,2024-03-06,Organic
C02742,Priya Verma,Hyderabad,2024-04-22,Google Ads
C02743,Priya Verma,Hyderabad,2024-06-04,WhatsApp Campaign
C02744,Neha Singh,Gurugram,2025-07-06,Organic
C02745,Arjun Gupta,Pune,2024-03-14,Referral
C02746,Ananya Mishra,Delhi,2025-04-16,Referral
C02747,Arjun Gupta,Chennai,2024-09-09,Referral
C02748,Priya Verma,Gurugram,2025-01-07,Organic
C02749,Ananya Mishra,Hyderabad,2025-07-12,Instagram Ads
C02750,Priya Verma,Hyderabad,2025-05-05,Google Ads
C02751,Sneha Patel,Pune,2024-06-03,Referral
C02752,Amit Kumar,Mumbai,2025-07-15,Referral
C02753,Priya Verma,Noida,2024-03-29,Google Ads
C02754,Rahul Sharma,Gurugram,2025-09-07,Instagram Ads
C02755,Ananya Mishra,Hyderabad,2025-07-09,Organic
C02756,Priya Verma,Chennai,2024-11-25,Referral
C02757,Neha Singh,Mumbai,2024-08-12,Google Ads
C02758,Rohan Agarwal,Noida,2025-09-26,WhatsApp Campaign
C02759,Amit Kumar,Bengaluru,2025-07-14,WhatsApp Campaign
C02760,Rohan Agarwal,Bengaluru,2025-05-03,Referral
C02761,Arjun Gupta,Bengaluru,2025-07-23,Instagram Ads
C02762,Rahul Sharma,Delhi,2025-09-24,Google Ads
C02763,Arjun Gupta,Bengaluru,2025-07-02,WhatsApp Campaign
C02764,Amit Kumar,Hyderabad,2024-08-19,Instagram Ads
C02765,Priya Verma,Noida,2024-08-18,Google Ads
C02766,Rahul Sharma,Bengaluru,2024-11-23,Referral
C02767,Rohan Agarwal,Delhi,2024-03-06,WhatsApp Campaign
C02768,Arjun Gupta,Pune,2024-07-21,WhatsApp Campaign
C02769,Arjun Gupta,Delhi,2025-09-22,Instagram Ads
C02770,Rahul Sharma,Pune,2025-07-18,WhatsApp Campaign
C02771,Neha Singh,Delhi,2024-09-15,Google Ads
C02772,Rahul Sharma,Gurugram,2024-10-09,Referral
C02773,Rohan Agarwal,Mumbai,2025-08-31,Organic
C02774,Sneha Patel,Gurugram,2025-09-12,Google Ads
C02775,Rahul Sharma,Delhi,2025-11-26,Organic
C02776,Neha Singh,Delhi,2024-02-23,Organic
C02777,Rahul Sharma,Pune,2024-11-09,Instagram Ads
C02778,Ananya Mishra,Bengaluru,2025-07-06,Referral
C02779,Sneha Patel,Gurugram,2024-12-09,Instagram Ads
C02780,Amit Kumar,Chennai,2024-04-12,Organic
C02781,Rohan Agarwal,Pune,2024-05-01,WhatsApp Campaign
C02782,Rahul Sharma,Mumbai,2024-01-03,Organic
C02783,Sneha Patel,Bengaluru,2025-02-01,Referral
C02784,Rohan Agarwal,Mumbai,2025-02-10,Google Ads
C02785,Ananya Mishra,Mumbai,2025-07-28,Google Ads
C02786,Sneha Patel,Pune,2024-03-26,Instagram Ads
C02787,Arjun Gupta,Bengaluru,2025-06-04,WhatsApp Campaign
C02788,Amit Kumar,Hyderabad,2025-05-10,Google Ads
C02789,Sneha Patel,Hyderabad,2024-09-01,Organic
C02790,Ananya Mishra,Gurugram,2025-06-05,WhatsApp Campaign
C02791,Ananya Mishra,Noida,2024-04-09,Referral
C02792,Neha Singh,Pune,2025-08-22,Google Ads
C02793,Rahul Sharma,Mumbai,2024-12-19,WhatsApp Campaign
C02794,Arjun Gupta,Gurugram,2024-02-18,Organic
C02795,Rahul Sharma,Bengaluru,2025-07-19,Instagram Ads
C02796,Rohan Agarwal,Noida,2024-01-07,Instagram Ads
C02797,Sneha Patel,Noida,2024-04-07,Google Ads
C02798,Ananya Mishra,Chennai,2024-12-02,Google Ads
C02799,Rohan Agarwal,Mumbai,2024-04-06,Instagram Ads
C02800,Sneha Patel,Delhi,2025-08-24,Instagram Ads
C02801,Rahul Sharma,Noida,2025-04-15,Google Ads
C02802,Arjun Gupta,Chennai,2025-10-29,Organic
C02803,Rohan Agarwal,Gurugram,2025-04-24,WhatsApp Campaign
C02804,Neha Singh,Delhi,2025-04-27,Referral
C02805,Rohan Agarwal,Hyderabad,2024-09-03,Organic
C02806,Ananya Mishra,Mumbai,2024-07-11,Instagram Ads
C02807,Rohan Agarwal,Chennai,2025-01-17,Organic
C02808,Rohan Agarwal,Bengaluru,2025-11-24,Instagram Ads
C02809,Rahul Sharma,Gurugram,2025-02-03,Google Ads
C02810,Rahul Sharma,Bengaluru,2024-05-22,Organic
C02811,Sneha Patel,Pune,2024-01-27,Google Ads
C02812,Amit Kumar,Chennai,2024-01-15,Google Ads
C02813,Rohan Agarwal,Chennai,2024-07-26,WhatsApp Campaign
C02814,Amit Kumar,Gurugram,2024-11-29,Google Ads
C02815,Ananya Mishra,Pune,2024-08-12,Referral
C02816,Sneha Patel,Delhi,2024-09-07,Instagram Ads
C02817,Arjun Gupta,Pune,2024-11-05,Instagram Ads
C02818,Sneha Patel,Chennai,2025-03-15,Google Ads
C02819,Neha Singh,Mumbai,2025-08-15,Organic
C02820,Priya Verma,Chennai,2025-02-04,WhatsApp Campaign
C02821,Arjun Gupta,Noida,2025-07-11,Organic
C02822,Rohan Agarwal,Pune,2024-01-14,Referral
C02823,Neha Singh,Delhi,2024-10-09,Instagram Ads
C02824,Ananya Mishra,Chennai,2025-09-16,WhatsApp Campaign
C02825,Amit Kumar,Pune,2024-05-02,Referral
C02826,Neha Singh,Delhi,2024-09-13,Referral
C02827,Arjun Gupta,Delhi,2024-02-16,Instagram Ads
C02828,Ananya Mishra,Noida,2024-12-20,Instagram Ads
C02829,Arjun Gupta,Chennai,2025-04-08,Referral
C02830,Sneha Patel,Chennai,2024-01-31,Referral
C02831,Neha Singh,Bengaluru,2024-09-15,Google Ads
C02832,Rahul Sharma,Delhi,2025-05-20,Google Ads
C02833,Amit Kumar,Bengaluru,2024-10-01,Referral
C02834,Rohan Agarwal,Hyderabad,2025-08-29,Referral
C02835,Amit Kumar,Delhi,2025-07-25,Organic
C02836,Priya Verma,Hyderabad,2025-07-14,Instagram Ads
C02837,Arjun Gupta,Hyderabad,2024-05-14,WhatsApp Campaign
C02838,Amit Kumar,Mumbai,2024-03-09,Referral
C02839,Rohan Agarwal,Mumbai,2024-07-15,Instagram Ads
C02840,Rohan Agarwal,Noida,2025-02-17,Organic
C02841,Neha Singh,Bengaluru,2025-07-31,Google Ads
C02842,Neha Singh,Noida,2025-03-15,Organic
C02843,Arjun Gupta,Noida,2024-12-24,Instagram Ads
C02844,Rahul Sharma,Pune,2024-10-21,Referral
C02845,Priya Verma,Bengaluru,2024-10-16,Google Ads
C02846,Sneha Patel,Chennai,2025-09-14,WhatsApp Campaign
C02847,Arjun Gupta,Mumbai,2025-02-14,Organic
C02848,Ananya Mishra,Mumbai,2024-11-07,Organic
C02849,Sneha Patel,Mumbai,2025-04-10,WhatsApp Campaign
C02850,Sneha Patel,Noida,2025-03-20,WhatsApp Campaign
C02851,Priya Verma,Mumbai,2024-05-10,WhatsApp Campaign
C02852,Neha Singh,Chennai,2024-06-16,Google Ads
C02853,Priya Verma,Pune,2024-04-30,Google Ads
C02854,Ananya Mishra,Pune,2024-03-06,Instagram Ads
C02855,Priya Verma,Gurugram,2024-05-28,WhatsApp Campaign
C02856,Priya Verma,Bengaluru,2025-04-01,WhatsApp Campaign
C02857,Priya Verma,Noida,2025-11-06,Instagram Ads
C02858,Arjun Gupta,Bengaluru,2024-05-29,Google Ads
C02859,Priya Verma,Pune,2025-06-03,WhatsApp Campaign
C02860,Rahul Sharma,Chennai,2025-11-16,Organic
C02861,Arjun Gupta,Chennai,2024-12-29,Google Ads
C02862,Neha Singh,Hyderabad,2024-07-10,Organic
C02863,Sneha Patel,Chennai,2024-08-02,WhatsApp Campaign
C02864,Neha Singh,Hyderabad,2024-10-26,Organic
C02865,Arjun Gupta,Chennai,2025-07-05,Google Ads
C02866,Neha Singh,Gurugram,2025-10-12,Organic
C02867,Priya Verma,Pune,2024-10-08,Google Ads
C02868,Sneha Patel,Noida,2025-06-29,Referral
C02869,Sneha Patel,Mumbai,2025-04-06,Google Ads
C02870,Neha Singh,Mumbai,2025-01-22,Referral
C02871,Arjun Gupta,Pune,2025-09-29,Organic
C02872,Ananya Mishra,Chennai,2025-02-06,Organic
C02873,Priya Verma,Bengaluru,2025-08-11,Referral
C02874,Neha Singh,Gurugram,2025-04-05,Referral
C02875,Priya Verma,Delhi,2024-08-13,Organic
C02876,Rahul Sharma,Delhi,2024-03-01,Google Ads
C02877,Amit Kumar,Hyderabad,2024-02-15,WhatsApp Campaign
C02878,Sneha Patel,Delhi,2025-03-25,Referral
C02879,Sneha Patel,Hyderabad,2025-02-16,Instagram Ads
C02880,Rahul Sharma,Gurugram,2025-03-21,Organic
C02881,Neha Singh,Pune,2025-04-10,Referral
C02882,Neha Singh,Bengaluru,2024-12-13,Referral
C02883,Priya Verma,Chennai,2024-06-29,Referral
C02884,Sneha Patel,Pune,2025-05-20,Organic
C02885,Rohan Agarwal,Noida,2024-08-15,Instagram Ads
C02886,Neha Singh,Mumbai,2024-09-15,WhatsApp Campaign
C02887,Rohan Agarwal,Hyderabad,2024-05-23,Referral
C02888,Priya Verma,Gurugram,2024-06-21,WhatsApp Campaign
C02889,Neha Singh,Bengaluru,2024-09-25,Referral
C02890,Ananya Mishra,Pune,2025-04-21,Referral
C02891,Neha Singh,Bengaluru,2025-01-14,Instagram Ads
C02892,Amit Kumar,Mumbai,2024-10-21,Instagram Ads
C02893,Rohan Agarwal,Delhi,2024-04-11,Google Ads
C02894,Amit Kumar,Hyderabad,2024-08-17,WhatsApp Campaign
C02895,Ananya Mishra,Delhi,2024-11-24,Instagram Ads
C02896,Rahul Sharma,Noida,2025-09-27,Instagram Ads
C02897,Priya Verma,Pune,2025-11-10,Organic
C02898,Neha Singh,Gurugram,2024-11-26,Google Ads
C02899,Rahul Sharma,Gurugram,2025-08-05,WhatsApp Campaign
C02900,Priya Verma,Gurugram,2024-01-10,WhatsApp Campaign
C02901,Rohan Agarwal,Delhi,2024-08-01,Instagram Ads
C02902,Rahul Sharma,Gurugram,2024-04-11,Google Ads
C02903,Ananya Mishra,Gurugram,2025-11-03,Referral
C02904,Arjun Gupta,Hyderabad,2025-04-09,Organic
C02905,Priya Verma,Delhi,2024-10-16,Organic
C02906,Ananya Mishra,Bengaluru,2025-01-24,Google Ads
C02907,Rohan Agarwal,Chennai,2024-09-16,WhatsApp Campaign
C02908,Ananya Mishra,Mumbai,2024-09-19,Referral
C02909,Arjun Gupta,Mumbai,2025-03-13,WhatsApp Campaign
C02910,Rohan Agarwal,Noida,2025-09-24,Referral
C02911,Ananya Mishra,Delhi,2025-05-31,Referral
C02912,Amit Kumar,Pune,2024-03-11,Organic
C02913,Priya Verma,Mumbai,2024-03-28,Referral
C02914,Rahul Sharma,Hyderabad,2024-05-07,Instagram Ads
C02915,Ananya Mishra,Gurugram,2025-03-01,Instagram Ads
C02916,Priya Verma,Noida,2025-01-10,Referral
C02917,Neha Singh,Delhi,2024-03-28,WhatsApp Campaign
C02918,Ananya Mishra,Chennai,2024-03-24,Google Ads
C02919,Ananya Mishra,Bengaluru,2024-05-13,WhatsApp Campaign
C02920,Priya Verma,Bengaluru,2024-05-17,Google Ads
C02921,Ananya Mishra,Hyderabad,2024-01-08,Google Ads
C02922,Rohan Agarwal,Pune,2024-11-03,Referral
C02923,Arjun Gupta,Chennai,2025-02-19,Organic
C02924,Neha Singh,Mumbai,2025-09-29,WhatsApp Campaign
C02925,Priya Verma,Bengaluru,2024-09-19,Organic
C02926,Ananya Mishra,Hyderabad,2024-05-29,Instagram Ads
C02927,Rohan Agarwal,Pune,2024-05-16,WhatsApp Campaign
C02928,Arjun Gupta,Chennai,2025-07-17,WhatsApp Campaign
C02929,Arjun Gupta,Bengaluru,2025-05-19,Referral
C02930,Neha Singh,Delhi,2025-01-09,WhatsApp Campaign
C02931,Amit Kumar,Noida,2025-10-26,Google Ads
C02932,Rahul Sharma,Gurugram,2025-01-15,Instagram Ads
C02933,Amit Kumar,Delhi,2024-08-17,Google Ads
C02934,Arjun Gupta,Delhi,2025-11-29,WhatsApp Campaign
C02935,Rahul Sharma,Chennai,2025-01-03,Referral
C02936,Amit Kumar,Bengaluru,2024-01-12,Google Ads
C02937,Ananya Mishra,Chennai,2025-08-14,Instagram Ads
C02938,Rohan Agarwal,Gurugram,2025-07-22,WhatsApp Campaign
C02939,Arjun Gupta,Bengaluru,2025-09-20,Referral
C02940,Priya Verma,Noida,2024-12-25,Organic
C02941,Ananya Mishra,Noida,2025-08-10,Google Ads
C02942,Rahul Sharma,Hyderabad,2024-04-06,Google Ads
C02943,Sneha Patel,Bengaluru,2024-02-19,Organic
C02944,Rohan Agarwal,Noida,2024-09-26,Google Ads
C02945,Ananya Mishra,Hyderabad,2024-09-09,Referral
C02946,Ananya Mishra,Delhi,2025-01-19,WhatsApp Campaign
C02947,Priya Verma,Pune,2025-08-28,Organic
C02948,Sneha Patel,Noida,2025-06-03,Referral
C02949,Priya Verma,Mumbai,2024-05-01,Organic
C02950,Ananya Mishra,Pune,2025-10-12,Instagram Ads
C02951,Arjun Gupta,Hyderabad,2024-04-25,Google Ads
C02952,Arjun Gupta,Noida,2024-10-17,Google Ads
C02953,Rohan Agarwal,Chennai,2024-11-07,WhatsApp Campaign
C02954,Amit Kumar,Hyderabad,2025-07-10,WhatsApp Campaign
C02955,Sneha Patel,Chennai,2024-09-09,Referral
C02956,Neha Singh,Mumbai,2025-08-31,Instagram Ads
C02957,Rohan Agarwal,Bengaluru,2025-02-15,Organic
C02958,Neha Singh,Bengaluru,2025-07-27,WhatsApp Campaign
C02959,Amit Kumar,Delhi,2025-08-09,Referral
C02960,Arjun Gupta,Delhi,2025-04-26,Referral
C02961,Amit Kumar,Delhi,2024-11-08,Google Ads
C02962,Neha Singh,Hyderabad,2025-08-02,Instagram Ads
C02963,Ananya Mishra,Noida,2025-11-08,Organic
C02964,Rahul Sharma,Mumbai,2025-06-13,WhatsApp Campaign
C02965,Neha Singh,Mumbai,2024-02-16,Organic
C02966,Rohan Agarwal,Hyderabad,2025-06-13,WhatsApp Campaign
C02967,Priya Verma,Bengaluru,2024-11-23,Google Ads
C02968,Rahul Sharma,Pune,2024-08-12,Referral
C02969,Sneha Patel,Chennai,2025-09-11,WhatsApp Campaign
C02970,Rahul Sharma,Noida,2024-05-21,Referral
C02971,Priya Verma,Hyderabad,2024-07-05,Organic
C02972,Rahul Sharma,Gurugram,2025-04-20,Instagram Ads
C02973,Rahul Sharma,Pune,2024-10-27,Organic
C02974,Amit Kumar,Mumbai,2025-02-12,WhatsApp Campaign
C02975,Rohan Agarwal,Noida,2024-03-12,WhatsApp Campaign
C02976,Rohan Agarwal,Chennai,2024-04-19,Google Ads
C02977,Arjun Gupta,Chennai,2024-11-29,Google Ads
C02978,Ananya Mishra,Chennai,2024-10-09,Google Ads
C02979,Neha Singh,Chennai,2024-06-19,WhatsApp Campaign
C02980,Ananya Mishra,Noida,2024-10-05,Instagram Ads
C02981,Ananya Mishra,Gurugram,2025-06-28,WhatsApp Campaign
C02982,Neha Singh,Mumbai,2025-07-08,WhatsApp Campaign
C02983,Amit Kumar,Bengaluru,2025-02-07,Google Ads
C02984,Rohan Agarwal,Noida,2025-01-20,WhatsApp Campaign
C02985,Rahul Sharma,Chennai,2025-08-17,Referral
C02986,Rohan Agarwal,Chennai,2024-09-15,Instagram Ads
C02987,Amit Kumar,Gurugram,2025-02-15,Referral
C02988,Sneha Patel,Pune,2024-12-16,Instagram Ads
C02989,Priya Verma,Bengaluru,2024-06-03,Organic
C02990,Ananya Mishra,Bengaluru,2025-08-04,Instagram Ads
C02991,Ananya Mishra,Noida,2024-07-13,WhatsApp Campaign
C02992,Neha Singh,Hyderabad,2024-09-09,WhatsApp Campaign
C02993,Neha Singh,Pune,2025-04-24,Instagram Ads
C02994,Sneha Patel,Chennai,2024-05-09,WhatsApp Campaign
C02995,Rahul Sharma,Bengaluru,2025-08-10,Instagram Ads
C02996,Amit Kumar,Pune,2024-10-14,Google Ads
C02997,Rohan Agarwal,Bengaluru,2024-06-16,Referral
C02998,Arjun Gupta,Delhi,2025-11-03,Referral
C02999,Rohan Agarwal,Bengaluru,2024-06-20,Instagram Ads
C03000,Rohan Agarwal,Chennai,2025-05-07,Google Ads
C03001,Sneha Patel,Pune,2024-01-11,WhatsApp Campaign
C03002,Ananya Mishra,Chennai,2024-06-18,Instagram Ads
C03003,Sneha Patel,Gurugram,2025-11-19,Organic
C03004,Priya Verma,Pune,2024-02-23,Referral
C03005,Rahul Sharma,Delhi,2025-11-19,Organic
C03006,Priya Verma,Chennai,2025-09-27,Referral
C03007,Rohan Agarwal,Mumbai,2025-01-18,Google Ads
C03008,Neha Singh,Pune,2025-02-28,Instagram Ads
C03009,Rahul Sharma,Gurugram,2025-09-07,Referral
C03010,Priya Verma,Delhi,2025-02-15,Instagram Ads
C03011,Rahul Sharma,Bengaluru,2024-01-14,Referral
C03012,Rohan Agarwal,Pune,2024-04-05,Instagram Ads
C03013,Ananya Mishra,Chennai,2025-03-01,Instagram Ads
C03014,Arjun Gupta,Mumbai,2025-02-11,Organic
C03015,Arjun Gupta,Chennai,2024-03-27,Referral
C03016,Arjun Gupta,Hyderabad,2024-07-13,Organic
C03017,Rohan Agarwal,Bengaluru,2024-05-08,Google Ads
C03018,Amit Kumar,Chennai,2024-09-22,Google Ads
C03019,Rohan Agarwal,Bengaluru,2024-04-07,Instagram Ads
C03020,Rohan Agarwal,Delhi,2025-11-05,WhatsApp Campaign
C03021,Rohan Agarwal,Noida,2024-05-26,Referral
C03022,Ananya Mishra,Noida,2025-01-04,Referral
C03023,Rahul Sharma,Chennai,2024-12-12,Referral
C03024,Sneha Patel,Mumbai,2025-01-22,Referral
C03025,Arjun Gupta,Chennai,2025-02-09,Google Ads
C03026,Ananya Mishra,Pune,2024-03-26,Google Ads
C03027,Sneha Patel,Gurugram,2025-01-06,Instagram Ads
C03028,Sneha Patel,Chennai,2024-03-01,Instagram Ads
C03029,Ananya Mishra,Bengaluru,2024-05-11,Google Ads
C03030,Neha Singh,Chennai,2024-11-12,Google Ads
C03031,Rahul Sharma,Pune,2024-03-13,Google Ads
C03032,Rahul Sharma,Bengaluru,2025-02-13,Instagram Ads
C03033,Rahul Sharma,Chennai,2025-09-01,Organic
C03034,Rahul Sharma,Hyderabad,2025-08-06,WhatsApp Campaign
C03035,Arjun Gupta,Mumbai,2024-03-23,Organic
C03036,Rohan Agarwal,Pune,2025-08-29,Organic
C03037,Priya Verma,Bengaluru,2024-12-21,Referral
C03038,Arjun Gupta,Noida,2025-02-05,Organic
C03039,Neha Singh,Delhi,2025-05-15,Organic
C03040,Priya Verma,Hyderabad,2025-04-08,Referral
C03041,Amit Kumar,Pune,2024-12-27,Organic
C03042,Neha Singh,Pune,2024-09-18,WhatsApp Campaign
C03043,Sneha Patel,Pune,2025-10-11,Google Ads
C03044,Ananya Mishra,Chennai,2024-10-27,Referral
C03045,Neha Singh,Mumbai,2025-07-26,Organic
C03046,Rahul Sharma,Bengaluru,2025-09-20,Referral
C03047,Amit Kumar,Hyderabad,2025-04-26,Organic
C03048,Rahul Sharma,Gurugram,2025-11-13,Organic
C03049,Ananya Mishra,Chennai,2024-09-10,Referral
C03050,Neha Singh,Mumbai,2025-10-25,WhatsApp Campaign
C03051,Ananya Mishra,Chennai,2025-04-07,WhatsApp Campaign
C03052,Rahul Sharma,Mumbai,2025-07-31,Referral
C03053,Priya Verma,Bengaluru,2024-08-20,Organic
C03054,Rahul Sharma,Noida,2025-02-25,Google Ads
C03055,Ananya Mishra,Delhi,2025-09-03,Referral
C03056,Neha Singh,Gurugram,2025-02-08,Referral
C03057,Ananya Mishra,Bengaluru,2024-09-07,Instagram Ads
C03058,Ananya Mishra,Hyderabad,2024-06-03,Organic
C03059,Amit Kumar,Hyderabad,2025-06-29,Instagram Ads
C03060,Amit Kumar,Hyderabad,2024-12-19,Instagram Ads
C03061,Ananya Mishra,Noida,2025-11-19,WhatsApp Campaign
C03062,Arjun Gupta,Delhi,2025-12-01,Organic
C03063,Priya Verma,Gurugram,2024-12-20,Instagram Ads
C03064,Sneha Patel,Hyderabad,2025-02-14,WhatsApp Campaign
C03065,Neha Singh,Chennai,2024-02-05,WhatsApp Campaign
C03066,Arjun Gupta,Bengaluru,2024-08-07,WhatsApp Campaign
C03067,Neha Singh,Pune,2024-11-03,WhatsApp Campaign
C03068,Ananya Mishra,Gurugram,2025-05-29,Referral
C03069,Ananya Mishra,Gurugram,2024-12-30,Google Ads
C03070,Arjun Gupta,Noida,2025-04-21,Referral
C03071,Sneha Patel,Gurugram,2025-09-09,Referral
C03072,Amit Kumar,Gurugram,2024-02-26,Instagram Ads
C03073,Sneha Patel,Gurugram,2024-11-15,Google Ads
C03074,Arjun Gupta,Delhi,2025-09-29,Organic
C03075,Ananya Mishra,Delhi,2025-01-22,Referral
C03076,Amit Kumar,Gurugram,2024-10-30,Instagram Ads
C03077,Priya Verma,Bengaluru,2024-01-30,Instagram Ads
C03078,Sneha Patel,Mumbai,2024-04-25,Instagram Ads
C03079,Amit Kumar,Chennai,2024-04-23,Instagram Ads
C03080,Arjun Gupta,Pune,2024-06-16,Google Ads
C03081,Rohan Agarwal,Noida,2025-09-04,Google Ads
C03082,Priya Verma,Hyderabad,2024-03-02,Google Ads
C03083,Rahul Sharma,Hyderabad,2024-10-27,Instagram Ads
C03084,Rahul Sharma,Delhi,2024-08-25,Google Ads
C03085,Rohan Agarwal,Delhi,2024-05-01,WhatsApp Campaign
C03086,Neha Singh,Pune,2024-06-06,Instagram Ads
C03087,Priya Verma,Delhi,2024-04-27,Google Ads
C03088,Ananya Mishra,Gurugram,2024-03-22,Organic
C03089,Sneha Patel,Chennai,2024-12-23,WhatsApp Campaign
C03090,Priya Verma,Hyderabad,2025-06-18,Instagram Ads
C03091,Priya Verma,Delhi,2025-01-05,WhatsApp Campaign
C03092,Rahul Sharma,Delhi,2025-04-05,Organic
C03093,Priya Verma,Bengaluru,2024-02-11,WhatsApp Campaign
C03094,Neha Singh,Pune,2024-01-08,Organic
C03095,Neha Singh,Delhi,2024-06-11,Referral
C03096,Amit Kumar,Bengaluru,2024-03-05,Organic
C03097,Rahul Sharma,Delhi,2024-04-19,Referral
C03098,Ananya Mishra,Noida,2025-02-19,Google Ads
C03099,Rahul Sharma,Mumbai,2025-01-05,Instagram Ads
C03100,Ananya Mishra,Pune,2024-06-06,WhatsApp Campaign
C03101,Neha Singh,Noida,2024-05-04,WhatsApp Campaign
C03102,Rahul Sharma,Mumbai,2025-10-04,WhatsApp Campaign
C03103,Rohan Agarwal,Noida,2024-03-09,Google Ads
C03104,Rahul Sharma,Bengaluru,2025-02-12,Instagram Ads
C03105,Ananya Mishra,Gurugram,2024-05-19,WhatsApp Campaign
C03106,Neha Singh,Chennai,2024-02-27,Google Ads
C03107,Sneha Patel,Hyderabad,2024-07-04,Organic
C03108,Rahul Sharma,Pune,2025-05-16,Google Ads
C03109,Amit Kumar,Noida,2024-05-13,Instagram Ads
C03110,Arjun Gupta,Mumbai,2024-12-05,Organic
C03111,Ananya Mishra,Pune,2024-08-28,Referral
C03112,Rohan Agarwal,Mumbai,2024-09-14,Referral
C03113,Sneha Patel,Mumbai,2024-01-19,Instagram Ads
C03114,Arjun Gupta,Hyderabad,2025-03-18,WhatsApp Campaign
C03115,Priya Verma,Pune,2024-02-23,Organic
C03116,Neha Singh,Chennai,2024-05-09,Organic
C03117,Neha Singh,Delhi,2024-03-13,Referral
C03118,Neha Singh,Hyderabad,2025-11-05,Instagram Ads
C03119,Arjun Gupta,Delhi,2024-01-31,Referral
C03120,Neha Singh,Gurugram,2024-08-08,Referral
C03121,Rahul Sharma,Bengaluru,2025-05-14,Referral
C03122,Ananya Mishra,Chennai,2025-07-28,Google Ads
C03123,Arjun Gupta,Gurugram,2024-10-14,Organic
C03124,Arjun Gupta,Hyderabad,2024-03-20,Organic
C03125,Ananya Mishra,Chennai,2025-06-02,Organic
C03126,Amit Kumar,Chennai,2025-02-16,WhatsApp Campaign
C03127,Priya Verma,Delhi,2025-08-26,Referral
C03128,Rahul Sharma,Gurugram,2024-12-27,Google Ads
C03129,Amit Kumar,Chennai,2024-12-10,Google Ads
C03130,Neha Singh,Bengaluru,2025-09-16,Instagram Ads
C03131,Ananya Mishra,Noida,2024-05-29,WhatsApp Campaign
C03132,Rohan Agarwal,Pune,2024-01-13,WhatsApp Campaign
C03133,Priya Verma,Pune,2024-08-13,Referral
C03134,Neha Singh,Mumbai,2024-03-13,Instagram Ads
C03135,Amit Kumar,Mumbai,2025-10-26,Referral
C03136,Priya Verma,Bengaluru,2024-07-14,Google Ads
C03137,Sneha Patel,Noida,2024-07-13,Google Ads
C03138,Rohan Agarwal,Mumbai,2024-01-22,Organic
C03139,Amit Kumar,Delhi,2024-12-26,WhatsApp Campaign
C03140,Sneha Patel,Mumbai,2024-01-25,WhatsApp Campaign
C03141,Arjun Gupta,Bengaluru,2024-09-08,WhatsApp Campaign
C03142,Sneha Patel,Gurugram,2025-04-16,WhatsApp Campaign
C03143,Priya Verma,Noida,2025-04-01,WhatsApp Campaign
C03144,Arjun Gupta,Pune,2025-07-15,Referral
C03145,Sneha Patel,Delhi,2024-05-10,Referral
C03146,Rahul Sharma,Noida,2024-07-05,Instagram Ads
C03147,Ananya Mishra,Mumbai,2025-07-11,Instagram Ads
C03148,Priya Verma,Noida,2024-01-27,Referral
C03149,Neha Singh,Chennai,2024-04-19,WhatsApp Campaign
C03150,Ananya Mishra,Bengaluru,2024-01-20,Instagram Ads
C03151,Sneha Patel,Mumbai,2025-02-28,WhatsApp Campaign
C03152,Amit Kumar,Hyderabad,2024-02-09,Organic
C03153,Rohan Agarwal,Pune,2025-11-13,Instagram Ads
C03154,Neha Singh,Noida,2025-01-14,Referral
C03155,Arjun Gupta,Gurugram,2024-06-18,Organic
C03156,Amit Kumar,Delhi,2025-05-25,Google Ads
C03157,Rahul Sharma,Pune,2024-09-09,Referral
C03158,Sneha Patel,Noida,2025-10-29,Referral
C03159,Rahul Sharma,Pune,2025-06-15,Google Ads
C03160,Amit Kumar,Delhi,2024-11-20,WhatsApp Campaign
C03161,Arjun Gupta,Hyderabad,2025-04-02,Instagram Ads
C03162,Priya Verma,Pune,2025-10-16,Instagram Ads
C03163,Priya Verma,Mumbai,2024-09-28,Instagram Ads
C03164,Amit Kumar,Gurugram,2025-10-21,Referral
C03165,Priya Verma,Chennai,2024-10-14,Google Ads
C03166,Amit Kumar,Gurugram,2025-11-02,Instagram Ads
C03167,Priya Verma,Mumbai,2025-04-15,WhatsApp Campaign
C03168,Neha Singh,Hyderabad,2024-10-03,Instagram Ads
C03169,Priya Verma,Pune,2024-03-15,Instagram Ads
C03170,Rahul Sharma,Noida,2025-09-19,Organic
C03171,Priya Verma,Gurugram,2024-12-22,WhatsApp Campaign
C03172,Rahul Sharma,Bengaluru,2025-04-19,Referral
C03173,Priya Verma,Delhi,2025-04-28,Organic
C03174,Neha Singh,Bengaluru,2024-12-31,Google Ads
C03175,Rohan Agarwal,Bengaluru,2024-06-26,Instagram Ads
C03176,Rohan Agarwal,Chennai,2025-01-28,Instagram Ads
C03177,Arjun Gupta,Noida,2024-07-24,Referral
C03178,Neha Singh,Pune,2025-05-14,Google Ads
C03179,Arjun Gupta,Noida,2024-04-21,WhatsApp Campaign
C03180,Arjun Gupta,Gurugram,2025-06-30,Instagram Ads
C03181,Neha Singh,Gurugram,2025-10-05,WhatsApp Campaign
C03182,Priya Verma,Chennai,2024-07-19,Referral
C03183,Neha Singh,Mumbai,2024-10-02,Google Ads
C03184,Sneha Patel,Delhi,2024-09-19,Organic
C03185,Arjun Gupta,Mumbai,2025-04-06,Organic
C03186,Amit Kumar,Noida,2024-02-23,WhatsApp Campaign
C03187,Priya Verma,Pune,2025-04-20,WhatsApp Campaign
C03188,Rohan Agarwal,Bengaluru,2024-04-09,Google Ads
C03189,Amit Kumar,Hyderabad,2025-10-01,Referral
C03190,Priya Verma,Delhi,2025-06-08,Instagram Ads
C03191,Neha Singh,Bengaluru,2025-09-10,Google Ads
C03192,Sneha Patel,Bengaluru,2024-11-05,WhatsApp Campaign
C03193,Rohan Agarwal,Gurugram,2024-02-23,Instagram Ads
C03194,Ananya Mishra,Noida,2024-11-02,Organic
C03195,Priya Verma,Pune,2024-03-29,WhatsApp Campaign
C03196,Neha Singh,Delhi,2025-06-15,WhatsApp Campaign
C03197,Sneha Patel,Gurugram,2025-04-21,Google Ads
C03198,Sneha Patel,Pune,2024-04-14,WhatsApp Campaign
C03199,Ananya Mishra,Chennai,2024-02-11,Instagram Ads
C03200,Amit Kumar,Noida,2025-10-19,Google Ads
C03201,Priya Verma,Gurugram,2024-09-13,Instagram Ads
C03202,Priya Verma,Noida,2025-11-29,Instagram Ads
C03203,Rohan Agarwal,Pune,2025-10-22,Organic
C03204,Sneha Patel,Gurugram,2024-12-21,Referral
C03205,Rohan Agarwal,Gurugram,2025-08-18,Instagram Ads
C03206,Rohan Agarwal,Chennai,2024-09-28,Google Ads
C03207,Amit Kumar,Noida,2025-05-27,WhatsApp Campaign
C03208,Rohan Agarwal,Hyderabad,2024-03-13,WhatsApp Campaign
C03209,Arjun Gupta,Delhi,2025-07-01,Referral
C03210,Rohan Agarwal,Gurugram,2025-04-04,WhatsApp Campaign
C03211,Priya Verma,Delhi,2025-07-03,Instagram Ads
C03212,Sneha Patel,Noida,2025-05-22,WhatsApp Campaign
C03213,Arjun Gupta,Noida,2025-03-18,WhatsApp Campaign
C03214,Rahul Sharma,Mumbai,2024-10-18,WhatsApp Campaign
C03215,Ananya Mishra,Delhi,2025-11-15,WhatsApp Campaign
C03216,Arjun Gupta,Gurugram,2025-04-03,WhatsApp Campaign
C03217,Neha Singh,Bengaluru,2024-12-21,Organic
C03218,Amit Kumar,Hyderabad,2024-02-28,Referral
C03219,Sneha Patel,Chennai,2024-08-12,Instagram Ads
C03220,Priya Verma,Chennai,2024-11-03,Instagram Ads
C03221,Rahul Sharma,Noida,2025-03-25,Organic
C03222,Sneha Patel,Gurugram,2025-08-22,Organic
C03223,Priya Verma,Delhi,2024-05-06,Organic
C03224,Arjun Gupta,Noida,2024-05-30,Organic
C03225,Rahul Sharma,Bengaluru,2024-05-30,Organic
C03226,Rahul Sharma,Noida,2025-07-14,Referral
C03227,Ananya Mishra,Mumbai,2025-10-26,Organic
C03228,Rahul Sharma,Chennai,2024-01-01,WhatsApp Campaign
C03229,Arjun Gupta,Noida,2025-08-30,Instagram Ads
C03230,Priya Verma,Delhi,2024-02-10,Referral
C03231,Priya Verma,Gurugram,2025-06-06,Organic
C03232,Ananya Mishra,Gurugram,2025-10-11,WhatsApp Campaign
C03233,Rohan Agarwal,Chennai,2025-05-28,Instagram Ads
C03234,Priya Verma,Chennai,2025-02-01,Instagram Ads
C03235,Priya Verma,Pune,2024-03-23,WhatsApp Campaign
C03236,Ananya Mishra,Gurugram,2024-09-07,WhatsApp Campaign
C03237,Priya Verma,Gurugram,2025-05-09,Instagram Ads
C03238,Ananya Mishra,Pune,2024-08-26,Referral
C03239,Sneha Patel,Gurugram,2024-08-06,Organic
C03240,Sneha Patel,Gurugram,2024-11-18,Referral
C03241,Arjun Gupta,Chennai,2025-11-30,WhatsApp Campaign
C03242,Neha Singh,Chennai,2024-06-04,WhatsApp Campaign
C03243,Rahul Sharma,Mumbai,2024-07-20,WhatsApp Campaign
C03244,Sneha Patel,Bengaluru,2024-08-22,Organic
C03245,Ananya Mishra,Gurugram,2025-03-04,Organic
C03246,Sneha Patel,Chennai,2025-06-26,Organic
C03247,Rohan Agarwal,Hyderabad,2025-06-05,Google Ads
C03248,Arjun Gupta,Delhi,2025-03-29,Instagram Ads
C03249,Neha Singh,Bengaluru,2024-08-07,Organic
C03250,Ananya Mishra,Hyderabad,2025-04-07,Organic
C03251,Rahul Sharma,Mumbai,2025-08-24,Google Ads
C03252,Rahul Sharma,Hyderabad,2024-02-18,Instagram Ads
C03253,Sneha Patel,Delhi,2024-04-25,Instagram Ads
C03254,Sneha Patel,Delhi,2024-12-12,Organic
C03255,Arjun Gupta,Pune,2024-07-14,Organic
C03256,Sneha Patel,Pune,2024-03-16,Google Ads
C03257,Amit Kumar,Pune,2024-01-13,Google Ads
C03258,Rohan Agarwal,Mumbai,2024-08-18,Google Ads
C03259,Priya Verma,Delhi,2025-03-04,Google Ads
C03260,Ananya Mishra,Pune,2025-11-21,Instagram Ads
C03261,Priya Verma,Bengaluru,2024-04-26,WhatsApp Campaign
C03262,Sneha Patel,Mumbai,2025-10-21,Organic
C03263,Rahul Sharma,Pune,2024-12-04,Organic
C03264,Rohan Agarwal,Pune,2025-01-17,Google Ads
C03265,Sneha Patel,Gurugram,2024-03-29,Referral
C03266,Amit Kumar,Noida,2024-07-16,Instagram Ads
C03267,Rahul Sharma,Gurugram,2025-10-06,Referral
C03268,Rohan Agarwal,Delhi,2025-06-10,Google Ads
C03269,Rohan Agarwal,Hyderabad,2024-05-20,Google Ads
C03270,Arjun Gupta,Gurugram,2025-03-25,Organic
C03271,Sneha Patel,Gurugram,2025-04-21,Google Ads
C03272,Amit Kumar,Pune,2024-04-03,Referral
C03273,Neha Singh,Hyderabad,2025-01-30,Referral
C03274,Sneha Patel,Pune,2025-07-25,Google Ads
C03275,Ananya Mishra,Pune,2024-06-04,WhatsApp Campaign
C03276,Priya Verma,Chennai,2024-10-31,Organic
C03277,Priya Verma,Noida,2024-11-05,Google Ads
C03278,Ananya Mishra,Delhi,2024-07-31,Referral
C03279,Arjun Gupta,Gurugram,2024-08-22,WhatsApp Campaign
C03280,Priya Verma,Noida,2024-03-31,Instagram Ads
C03281,Arjun Gupta,Bengaluru,2024-06-17,WhatsApp Campaign
C03282,Rohan Agarwal,Delhi,2025-05-25,Referral
C03283,Rahul Sharma,Pune,2025-08-27,Referral
C03284,Rohan Agarwal,Bengaluru,2025-09-01,WhatsApp Campaign
C03285,Neha Singh,Noida,2024-07-01,Google Ads
C03286,Neha Singh,Hyderabad,2024-03-01,Referral
C03287,Rohan Agarwal,Mumbai,2025-06-18,Referral
C03288,Sneha Patel,Bengaluru,2025-01-20,Google Ads
C03289,Rahul Sharma,Chennai,2025-06-26,WhatsApp Campaign
C03290,Priya Verma,Gurugram,2024-03-04,Referral
C03291,Arjun Gupta,Hyderabad,2024-05-07,Organic
C03292,Rahul Sharma,Bengaluru,2025-09-15,Organic
C03293,Rohan Agarwal,Gurugram,2024-11-18,Referral
C03294,Priya Verma,Gurugram,2025-04-12,Google Ads
C03295,Rohan Agarwal,Noida,2024-07-11,Google Ads
C03296,Neha Singh,Bengaluru,2025-06-17,Referral
C03297,Amit Kumar,Mumbai,2024-11-09,Google Ads
C03298,Rohan Agarwal,Delhi,2024-12-13,Google Ads
C03299,Arjun Gupta,Gurugram,2024-05-12,WhatsApp Campaign
C03300,Rahul Sharma,Hyderabad,2024-12-21,Organic
C03301,Sneha Patel,Delhi,2025-01-26,Instagram Ads
C03302,Rohan Agarwal,Hyderabad,2025-10-16,Referral
C03303,Ananya Mishra,Mumbai,2025-08-15,Organic
C03304,Arjun Gupta,Delhi,2025-01-28,Referral
C03305,Arjun Gupta,Pune,2024-10-25,Organic
C03306,Rahul Sharma,Gurugram,2025-10-19,Organic
C03307,Sneha Patel,Noida,2024-02-07,Instagram Ads
C03308,Neha Singh,Gurugram,2025-01-29,Google Ads
C03309,Amit Kumar,Gurugram,2025-09-22,Referral
C03310,Rohan Agarwal,Gurugram,2024-06-21,Google Ads
C03311,Ananya Mishra,Hyderabad,2025-01-08,Referral
C03312,Arjun Gupta,Mumbai,2025-02-09,Instagram Ads
C03313,Neha Singh,Delhi,2025-02-08,WhatsApp Campaign
C03314,Priya Verma,Hyderabad,2024-11-15,Google Ads
C03315,Priya Verma,Chennai,2024-05-05,Referral
C03316,Neha Singh,Bengaluru,2024-12-31,Organic
C03317,Neha Singh,Mumbai,2024-01-10,Referral
C03318,Sneha Patel,Hyderabad,2025-04-17,Referral
C03319,Sneha Patel,Pune,2024-10-21,Instagram Ads
C03320,Rohan Agarwal,Delhi,2025-04-16,Referral
C03321,Amit Kumar,Gurugram,2025-08-02,WhatsApp Campaign
C03322,Neha Singh,Delhi,2024-02-17,Instagram Ads
C03323,Neha Singh,Mumbai,2025-03-27,Referral
C03324,Sneha Patel,Chennai,2025-11-18,Google Ads
C03325,Rohan Agarwal,Bengaluru,2025-02-12,Google Ads
C03326,Neha Singh,Gurugram,2025-09-27,Google Ads
C03327,Rahul Sharma,Pune,2024-07-12,WhatsApp Campaign
C03328,Ananya Mishra,Gurugram,2024-07-21,Organic
C03329,Rohan Agarwal,Chennai,2025-08-03,Instagram Ads
C03330,Priya Verma,Mumbai,2025-02-15,Instagram Ads
C03331,Amit Kumar,Delhi,2024-11-16,Instagram Ads
C03332,Rahul Sharma,Noida,2025-02-20,WhatsApp Campaign
C03333,Rohan Agarwal,Gurugram,2025-07-18,WhatsApp Campaign
C03334,Neha Singh,Mumbai,2025-05-05,Google Ads
C03335,Arjun Gupta,Delhi,2024-07-25,Instagram Ads
C03336,Ananya Mishra,Hyderabad,2025-05-13,Instagram Ads
C03337,Amit Kumar,Bengaluru,2024-02-23,Organic
C03338,Rohan Agarwal,Pune,2024-10-07,WhatsApp Campaign
C03339,Priya Verma,Chennai,2024-02-17,Referral
C03340,Rohan Agarwal,Hyderabad,2024-03-20,Google Ads
C03341,Rohan Agarwal,Chennai,2025-03-10,WhatsApp Campaign
C03342,Ananya Mishra,Bengaluru,2024-01-31,Organic
C03343,Priya Verma,Pune,2025-02-26,Google Ads
C03344,Rahul Sharma,Gurugram,2025-06-09,Instagram Ads
C03345,Sneha Patel,Noida,2025-03-14,Google Ads
C03346,Rohan Agarwal,Delhi,2024-11-21,Organic
C03347,Arjun Gupta,Pune,2025-04-01,Organic
C03348,Arjun Gupta,Gurugram,2025-01-14,Referral
C03349,Ananya Mishra,Mumbai,2025-10-27,Google Ads
C03350,Neha Singh,Bengaluru,2024-09-27,Referral
C03351,Rohan Agarwal,Mumbai,2025-08-07,WhatsApp Campaign
C03352,Sneha Patel,Gurugram,2024-04-13,Referral
C03353,Amit Kumar,Bengaluru,2024-10-27,Organic
C03354,Priya Verma,Pune,2025-11-15,WhatsApp Campaign
C03355,Sneha Patel,Pune,2024-07-09,Organic
C03356,Amit Kumar,Mumbai,2024-04-08,Referral
C03357,Arjun Gupta,Chennai,2024-06-30,Referral
C03358,Rohan Agarwal,Bengaluru,2025-05-24,Instagram Ads
C03359,Neha Singh,Hyderabad,2024-12-09,Organic
C03360,Priya Verma,Pune,2025-04-26,Google Ads
C03361,Ananya Mishra,Noida,2025-02-16,WhatsApp Campaign
C03362,Arjun Gupta,Noida,2025-01-21,WhatsApp Campaign
C03363,Amit Kumar,Gurugram,2024-06-27,Instagram Ads
C03364,Neha Singh,Pune,2024-10-24,WhatsApp Campaign
C03365,Rahul Sharma,Noida,2024-02-22,Instagram Ads
C03366,Ananya Mishra,Delhi,2024-06-22,Referral
C03367,Ananya Mishra,Chennai,2024-02-24,Organic
C03368,Priya Verma,Gurugram,2025-05-30,Instagram Ads
C03369,Neha Singh,Delhi,2024-06-30,WhatsApp Campaign
C03370,Amit Kumar,Noida,2025-09-06,Referral
C03371,Rahul Sharma,Mumbai,2024-03-11,WhatsApp Campaign
C03372,Neha Singh,Bengaluru,2024-12-25,Organic
C03373,Amit Kumar,Pune,2024-07-30,Google Ads
C03374,Amit Kumar,Bengaluru,2024-08-25,Organic
C03375,Ananya Mishra,Gurugram,2024-08-26,WhatsApp Campaign
C03376,Sneha Patel,Pune,2024-06-07,Referral
C03377,Rahul Sharma,Delhi,2025-08-27,Instagram Ads
C03378,Rohan Agarwal,Pune,2024-06-30,Instagram Ads
C03379,Arjun Gupta,Mumbai,2024-07-27,Google Ads
C03380,Arjun Gupta,Mumbai,2025-07-03,WhatsApp Campaign
C03381,Ananya Mishra,Noida,2024-06-06,Referral
C03382,Rahul Sharma,Chennai,2025-08-05,Google Ads
C03383,Neha Singh,Delhi,2025-10-15,Google Ads
C03384,Amit Kumar,Pune,2025-01-17,Referral
C03385,Sneha Patel,Gurugram,2025-07-27,Referral
C03386,Priya Verma,Gurugram,2025-01-12,Organic
C03387,Rohan Agarwal,Bengaluru,2024-11-09,Instagram Ads
C03388,Priya Verma,Noida,2024-05-18,Organic
C03389,Ananya Mishra,Mumbai,2025-06-08,Referral
C03390,Rahul Sharma,Noida,2025-02-12,Referral
C03391,Sneha Patel,Noida,2025-02-10,WhatsApp Campaign
C03392,Neha Singh,Delhi,2024-01-11,WhatsApp Campaign
C03393,Priya Verma,Pune,2024-03-29,Referral
C03394,Rohan Agarwal,Bengaluru,2024-02-29,Organic
C03395,Amit Kumar,Mumbai,2024-06-15,WhatsApp Campaign
C03396,Rahul Sharma,Delhi,2025-06-25,WhatsApp Campaign
C03397,Rohan Agarwal,Mumbai,2024-10-28,Google Ads
C03398,Neha Singh,Noida,2025-11-09,Google Ads
C03399,Arjun Gupta,Gurugram,2025-03-10,Google Ads
C03400,Rohan Agarwal,Pune,2024-04-16,Google Ads
C03401,Amit Kumar,Bengaluru,2024-04-25,Google Ads
C03402,Priya Verma,Delhi,2024-06-10,WhatsApp Campaign
C03403,Priya Verma,Pune,2024-09-28,Referral
C03404,Arjun Gupta,Pune,2025-04-02,Google Ads
C03405,Arjun Gupta,Gurugram,2024-07-26,WhatsApp Campaign
C03406,Sneha Patel,Mumbai,2024-03-23,Organic
C03407,Rahul Sharma,Hyderabad,2024-05-26,Google Ads
C03408,Arjun Gupta,Hyderabad,2025-05-02,Organic
C03409,Sneha Patel,Chennai,2024-07-17,Google Ads
C03410,Rohan Agarwal,Chennai,2025-01-16,Instagram Ads
C03411,Rahul Sharma,Noida,2025-07-26,Referral
C03412,Ananya Mishra,Pune,2025-10-07,Organic
C03413,Rohan Agarwal,Gurugram,2024-01-16,Instagram Ads
C03414,Sneha Patel,Pune,2024-07-15,Referral
C03415,Amit Kumar,Noida,2025-03-17,Organic
C03416,Amit Kumar,Chennai,2025-01-03,Organic
C03417,Ananya Mishra,Gurugram,2025-09-20,Organic
C03418,Priya Verma,Hyderabad,2024-03-18,Organic
C03419,Arjun Gupta,Bengaluru,2025-03-07,Instagram Ads
C03420,Rohan Agarwal,Delhi,2025-03-29,Instagram Ads
C03421,Neha Singh,Pune,2024-10-16,Referral
C03422,Sneha Patel,Bengaluru,2024-02-13,Instagram Ads
C03423,Sneha Patel,Gurugram,2024-12-05,Referral
C03424,Amit Kumar,Noida,2024-02-11,Google Ads
C03425,Priya Verma,Bengaluru,2024-06-09,Google Ads
C03426,Priya Verma,Mumbai,2025-02-08,Instagram Ads
C03427,Sneha Patel,Pune,2024-10-26,Organic
C03428,Rohan Agarwal,Bengaluru,2025-10-15,Organic
C03429,Arjun Gupta,Pune,2025-06-11,Google Ads
C03430,Arjun Gupta,Pune,2024-09-16,Organic
C03431,Ananya Mishra,Pune,2024-08-22,Organic
C03432,Ananya Mishra,Noida,2025-09-20,Instagram Ads
C03433,Amit Kumar,Bengaluru,2024-01-30,Organic
C03434,Rahul Sharma,Noida,2025-01-24,Instagram Ads
C03435,Rahul Sharma,Chennai,2025-01-11,WhatsApp Campaign
C03436,Neha Singh,Pune,2024-06-21,Organic
C03437,Rahul Sharma,Hyderabad,2024-04-11,Organic
C03438,Rohan Agarwal,Gurugram,2025-05-14,Referral
C03439,Amit Kumar,Bengaluru,2025-01-17,Referral
C03440,Rahul Sharma,Bengaluru,2025-05-25,Google Ads
C03441,Rohan Agarwal,Gurugram,2025-10-16,Organic
C03442,Rohan Agarwal,Hyderabad,2025-01-16,Instagram Ads
C03443,Neha Singh,Pune,2024-09-06,Google Ads
C03444,Amit Kumar,Chennai,2024-05-11,WhatsApp Campaign
C03445,Ananya Mishra,Noida,2025-05-21,Google Ads
C03446,Sneha Patel,Hyderabad,2024-12-17,Google Ads
C03447,Amit Kumar,Pune,2025-10-22,Instagram Ads
C03448,Amit Kumar,Noida,2025-09-17,Organic
C03449,Priya Verma,Pune,2025-03-13,Referral
C03450,Rahul Sharma,Chennai,2024-04-27,Instagram Ads
C03451,Ananya Mishra,Chennai,2025-03-09,Instagram Ads
C03452,Ananya Mishra,Mumbai,2025-10-30,Google Ads
C03453,Neha Singh,Pune,2024-01-03,Google Ads
C03454,Ananya Mishra,Bengaluru,2025-08-08,Google Ads
C03455,Rahul Sharma,Pune,2024-11-28,Referral
C03456,Ananya Mishra,Gurugram,2024-09-12,Instagram Ads
C03457,Amit Kumar,Chennai,2025-07-11,Organic
C03458,Arjun Gupta,Gurugram,2024-01-02,Instagram Ads
C03459,Sneha Patel,Mumbai,2024-09-03,Organic
C03460,Arjun Gupta,Gurugram,2025-10-27,Instagram Ads
C03461,Priya Verma,Hyderabad,2024-08-22,WhatsApp Campaign
C03462,Priya Verma,Pune,2024-04-25,WhatsApp Campaign
C03463,Sneha Patel,Delhi,2025-06-22,Instagram Ads
C03464,Priya Verma,Bengaluru,2025-01-20,Organic
C03465,Amit Kumar,Noida,2024-05-16,Instagram Ads
C03466,Amit Kumar,Delhi,2025-01-24,WhatsApp Campaign
C03467,Neha Singh,Gurugram,2024-03-16,Google Ads
C03468,Priya Verma,Hyderabad,2025-11-06,Instagram Ads
C03469,Amit Kumar,Hyderabad,2024-07-04,Organic
C03470,Rahul Sharma,Delhi,2024-02-06,Organic
C03471,Rohan Agarwal,Chennai,2024-03-25,Google Ads
C03472,Rohan Agarwal,Delhi,2024-04-14,WhatsApp Campaign
C03473,Rahul Sharma,Mumbai,2025-09-07,Organic
C03474,Neha Singh,Pune,2025-03-01,Referral
C03475,Sneha Patel,Pune,2024-05-29,WhatsApp Campaign
C03476,Arjun Gupta,Hyderabad,2025-04-19,Instagram Ads
C03477,Neha Singh,Delhi,2025-10-27,Instagram Ads
C03478,Ananya Mishra,Pune,2025-05-15,Referral
C03479,Priya Verma,Pune,2025-02-23,Referral
C03480,Neha Singh,Pune,2025-09-14,Organic
C03481,Rohan Agarwal,Delhi,2025-05-11,Organic
C03482,Neha Singh,Bengaluru,2025-02-21,Organic
C03483,Sneha Patel,Noida,2024-06-25,Organic
C03484,Amit Kumar,Noida,2025-01-17,Google Ads
C03485,Rahul Sharma,Gurugram,2025-03-24,Referral
C03486,Rahul Sharma,Chennai,2024-02-08,WhatsApp Campaign
C03487,Priya Verma,Delhi,2025-05-23,Google Ads
C03488,Priya Verma,Hyderabad,2024-12-16,Organic
C03489,Arjun Gupta,Delhi,2025-03-06,Google Ads
C03490,Sneha Patel,Noida,2024-12-29,Instagram Ads
C03491,Ananya Mishra,Mumbai,2024-10-10,WhatsApp Campaign
C03492,Rahul Sharma,Delhi,2024-12-15,Instagram Ads
C03493,Arjun Gupta,Hyderabad,2024-05-30,Referral
C03494,Rohan Agarwal,Hyderabad,2025-03-13,Referral
C03495,Ananya Mishra,Pune,2025-01-26,Instagram Ads
C03496,Rahul Sharma,Pune,2024-02-04,Google Ads
C03497,Amit Kumar,Noida,2025-04-03,WhatsApp Campaign
C03498,Rohan Agarwal,Mumbai,2024-01-03,Organic
C03499,Sneha Patel,Delhi,2024-05-12,WhatsApp Campaign
C03500,Neha Singh,Pune,2024-11-14,WhatsApp Campaign
C03501,Sneha Patel,Hyderabad,2024-04-15,Instagram Ads
C03502,Arjun Gupta,Hyderabad,2025-10-16,Google Ads
C03503,Arjun Gupta,Bengaluru,2024-12-11,WhatsApp Campaign
C03504,Arjun Gupta,Hyderabad,2024-12-13,Google Ads
C03505,Arjun Gupta,Chennai,2025-02-15,Google Ads
C03506,Rohan Agarwal,Gurugram,2024-07-14,Organic
C03507,Rohan Agarwal,Noida,2024-03-29,WhatsApp Campaign
C03508,Ananya Mishra,Hyderabad,2025-02-26,Organic
C03509,Neha Singh,Delhi,2025-01-26,Instagram Ads
C03510,Ananya Mishra,Hyderabad,2024-10-18,WhatsApp Campaign
C03511,Arjun Gupta,Noida,2024-10-19,Organic
C03512,Sneha Patel,Pune,2025-07-04,WhatsApp Campaign
C03513,Sneha Patel,Gurugram,2024-09-07,WhatsApp Campaign
C03514,Rohan Agarwal,Delhi,2025-05-29,Referral
C03515,Arjun Gupta,Chennai,2025-03-27,WhatsApp Campaign
C03516,Ananya Mishra,Gurugram,2024-11-21,WhatsApp Campaign
C03517,Priya Verma,Gurugram,2024-04-22,Organic
C03518,Neha Singh,Bengaluru,2025-05-21,Instagram Ads
C03519,Priya Verma,Hyderabad,2025-04-27,Organic
C03520,Amit Kumar,Pune,2024-02-21,Instagram Ads
C03521,Priya Verma,Pune,2025-03-19,Organic
C03522,Ananya Mishra,Pune,2024-04-20,Instagram Ads
C03523,Amit Kumar,Mumbai,2024-06-03,Google Ads
C03524,Neha Singh,Pune,2024-11-22,Organic
C03525,Amit Kumar,Pune,2025-06-08,Organic
C03526,Arjun Gupta,Delhi,2025-07-29,WhatsApp Campaign
C03527,Rahul Sharma,Noida,2024-11-19,Organic
C03528,Rahul Sharma,Hyderabad,2024-04-13,Instagram Ads
C03529,Sneha Patel,Mumbai,2025-09-28,WhatsApp Campaign
C03530,Arjun Gupta,Chennai,2024-06-16,Organic
C03531,Ananya Mishra,Chennai,2024-03-12,Instagram Ads
C03532,Ananya Mishra,Gurugram,2024-09-06,Instagram Ads
C03533,Arjun Gupta,Bengaluru,2024-06-06,WhatsApp Campaign
C03534,Arjun Gupta,Gurugram,2024-04-12,Referral
C03535,Ananya Mishra,Bengaluru,2025-04-19,Organic
C03536,Neha Singh,Noida,2024-06-15,Instagram Ads
C03537,Ananya Mishra,Hyderabad,2025-09-11,Organic
C03538,Rahul Sharma,Gurugram,2025-09-19,WhatsApp Campaign
C03539,Neha Singh,Hyderabad,2025-08-16,Instagram Ads
C03540,Sneha Patel,Pune,2024-03-17,Instagram Ads
C03541,Rohan Agarwal,Hyderabad,2025-06-07,Referral
C03542,Sneha Patel,Delhi,2025-07-27,WhatsApp Campaign
C03543,Amit Kumar,Pune,2025-03-22,Organic
C03544,Amit Kumar,Mumbai,2025-03-23,Referral
C03545,Rahul Sharma,Delhi,2025-08-22,Google Ads
C03546,Neha Singh,Delhi,2024-11-28,WhatsApp Campaign
C03547,Priya Verma,Delhi,2024-12-19,WhatsApp Campaign
C03548,Priya Verma,Delhi,2025-07-11,Referral
C03549,Sneha Patel,Gurugram,2024-12-04,Google Ads
C03550,Arjun Gupta,Hyderabad,2024-10-25,Organic
C03551,Sneha Patel,Delhi,2024-02-26,Referral
C03552,Ananya Mishra,Noida,2024-10-21,Referral
C03553,Ananya Mishra,Noida,2024-09-18,Organic
C03554,Rohan Agarwal,Mumbai,2025-01-28,Google Ads
C03555,Priya Verma,Chennai,2025-05-15,Google Ads
C03556,Sneha Patel,Noida,2024-03-23,Organic
C03557,Amit Kumar,Bengaluru,2024-12-25,Referral
C03558,Amit Kumar,Gurugram,2025-08-03,Instagram Ads
C03559,Arjun Gupta,Mumbai,2025-03-24,Organic
C03560,Sneha Patel,Bengaluru,2025-10-21,Referral
C03561,Arjun Gupta,Bengaluru,2024-03-29,Instagram Ads
C03562,Rahul Sharma,Gurugram,2025-05-11,Instagram Ads
C03563,Arjun Gupta,Hyderabad,2025-11-02,Google Ads
C03564,Amit Kumar,Pune,2025-10-21,WhatsApp Campaign
C03565,Ananya Mishra,Pune,2024-03-27,Referral
C03566,Arjun Gupta,Bengaluru,2025-01-03,WhatsApp Campaign
C03567,Sneha Patel,Bengaluru,2025-06-09,Organic
C03568,Neha Singh,Delhi,2025-04-11,Organic
C03569,Rahul Sharma,Gurugram,2025-01-18,Organic
C03570,Rahul Sharma,Delhi,2024-03-27,Google Ads
C03571,Sneha Patel,Hyderabad,2025-03-22,Organic
C03572,Priya Verma,Pune,2024-12-12,Google Ads
C03573,Sneha Patel,Hyderabad,2024-05-28,Google Ads
C03574,Rohan Agarwal,Gurugram,2025-09-26,WhatsApp Campaign
C03575,Neha Singh,Gurugram,2025-08-19,Referral
C03576,Rahul Sharma,Bengaluru,2025-10-27,Referral
C03577,Sneha Patel,Gurugram,2024-04-01,Referral
C03578,Ananya Mishra,Noida,2025-09-21,Referral
C03579,Sneha Patel,Mumbai,2025-10-25,Organic
C03580,Neha Singh,Noida,2024-06-04,Google Ads
C03581,Arjun Gupta,Pune,2024-07-13,WhatsApp Campaign
C03582,Neha Singh,Hyderabad,2025-04-12,Instagram Ads
C03583,Amit Kumar,Hyderabad,2024-06-01,Organic
C03584,Rahul Sharma,Hyderabad,2024-12-01,Organic
C03585,Sneha Patel,Chennai,2024-07-09,Google Ads
C03586,Arjun Gupta,Pune,2025-04-22,WhatsApp Campaign
C03587,Ananya Mishra,Bengaluru,2025-09-18,Organic
C03588,Ananya Mishra,Pune,2025-02-26,Referral
C03589,Rohan Agarwal,Pune,2024-09-28,Instagram Ads
C03590,Rohan Agarwal,Bengaluru,2025-06-03,Referral
C03591,Arjun Gupta,Pune,2025-08-28,Referral
C03592,Arjun Gupta,Hyderabad,2024-05-29,Organic
C03593,Ananya Mishra,Mumbai,2025-05-30,WhatsApp Campaign
C03594,Rohan Agarwal,Chennai,2024-09-22,WhatsApp Campaign
C03595,Amit Kumar,Mumbai,2024-04-12,Organic
C03596,Ananya Mishra,Bengaluru,2025-03-11,Organic
C03597,Ananya Mishra,Chennai,2024-09-28,WhatsApp Campaign
C03598,Priya Verma,Hyderabad,2025-09-25,Referral
C03599,Sneha Patel,Mumbai,2024-06-10,Instagram Ads
C03600,Rohan Agarwal,Hyderabad,2025-07-09,Google Ads
C03601,Priya Verma,Gurugram,2024-09-20,Google Ads
C03602,Neha Singh,Noida,2025-10-20,Instagram Ads
C03603,Ananya Mishra,Pune,2024-07-28,Referral
C03604,Rahul Sharma,Pune,2025-04-12,Organic
C03605,Arjun Gupta,Delhi,2024-07-15,Instagram Ads
C03606,Arjun Gupta,Bengaluru,2025-02-13,Organic
C03607,Amit Kumar,Mumbai,2024-06-24,Referral
C03608,Amit Kumar,Pune,2024-11-20,Instagram Ads
C03609,Rohan Agarwal,Noida,2024-09-11,Google Ads
C03610,Ananya Mishra,Bengaluru,2024-02-02,Organic
C03611,Sneha Patel,Gurugram,2024-07-31,Organic
C03612,Neha Singh,Noida,2024-04-29,Organic
C03613,Rohan Agarwal,Mumbai,2024-03-29,WhatsApp Campaign
C03614,Amit Kumar,Pune,2025-06-18,Instagram Ads
C03615,Neha Singh,Delhi,2024-11-16,Referral
C03616,Amit Kumar,Chennai,2025-07-24,WhatsApp Campaign
C03617,Rohan Agarwal,Noida,2024-09-02,Referral
C03618,Sneha Patel,Noida,2024-08-03,Google Ads
C03619,Ananya Mishra,Chennai,2025-07-21,Referral
C03620,Sneha Patel,Mumbai,2024-05-06,Organic
C03621,Rahul Sharma,Gurugram,2024-10-08,Organic
C03622,Rahul Sharma,Mumbai,2024-04-08,Organic
C03623,Rohan Agarwal,Mumbai,2025-01-24,Referral
C03624,Rohan Agarwal,Pune,2024-04-09,WhatsApp Campaign
C03625,Rahul Sharma,Bengaluru,2024-04-29,Organic
C03626,Rahul Sharma,Bengaluru,2024-02-01,Instagram Ads
C03627,Rohan Agarwal,Pune,2025-09-13,Instagram Ads
C03628,Rohan Agarwal,Bengaluru,2024-10-24,Instagram Ads
C03629,Amit Kumar,Pune,2025-10-30,Google Ads
C03630,Neha Singh,Noida,2024-10-01,Organic
C03631,Amit Kumar,Hyderabad,2025-01-10,Instagram Ads
C03632,Sneha Patel,Noida,2025-01-20,WhatsApp Campaign
C03633,Rohan Agarwal,Noida,2025-11-28,Organic
C03634,Neha Singh,Noida,2025-03-28,Instagram Ads
C03635,Arjun Gupta,Hyderabad,2025-08-29,Referral
C03636,Rohan Agarwal,Noida,2025-03-24,WhatsApp Campaign
C03637,Ananya Mishra,Pune,2025-01-04,Referral
C03638,Ananya Mishra,Gurugram,2024-10-17,Referral
C03639,Priya Verma,Gurugram,2025-04-11,Referral
C03640,Arjun Gupta,Noida,2024-09-02,Google Ads
C03641,Arjun Gupta,Mumbai,2024-02-12,Referral
C03642,Arjun Gupta,Bengaluru,2024-02-01,Instagram Ads
C03643,Neha Singh,Delhi,2024-04-29,Google Ads
C03644,Priya Verma,Mumbai,2024-09-23,Organic
C03645,Ananya Mishra,Noida,2024-11-12,Referral
C03646,Priya Verma,Chennai,2024-06-06,Referral
C03647,Sneha Patel,Mumbai,2025-10-11,Referral
C03648,Rahul Sharma,Delhi,2024-11-06,Referral
C03649,Rahul Sharma,Bengaluru,2024-06-28,Instagram Ads
C03650,Rahul Sharma,Gurugram,2024-02-26,WhatsApp Campaign
C03651,Arjun Gupta,Pune,2025-05-31,Instagram Ads
C03652,Rohan Agarwal,Hyderabad,2025-01-09,Organic
C03653,Amit Kumar,Noida,2025-01-06,Referral
C03654,Rohan Agarwal,Bengaluru,2025-02-24,WhatsApp Campaign
C03655,Amit Kumar,Delhi,2025-10-29,Instagram Ads
C03656,Ananya Mishra,Mumbai,2024-06-26,Instagram Ads
C03657,Ananya Mishra,Mumbai,2024-03-03,WhatsApp Campaign
C03658,Priya Verma,Bengaluru,2024-05-13,Organic
C03659,Amit Kumar,Chennai,2024-11-21,Google Ads
C03660,Neha Singh,Hyderabad,2024-04-10,WhatsApp Campaign
C03661,Rohan Agarwal,Noida,2024-10-29,Instagram Ads
C03662,Rahul Sharma,Bengaluru,2024-09-11,Google Ads
C03663,Arjun Gupta,Mumbai,2024-02-14,Organic
C03664,Neha Singh,Noida,2025-07-27,Referral
C03665,Rahul Sharma,Noida,2025-08-10,Instagram Ads
C03666,Arjun Gupta,Hyderabad,2025-04-19,Google Ads
C03667,Rahul Sharma,Hyderabad,2025-08-11,Referral
C03668,Sneha Patel,Pune,2024-06-19,Referral
C03669,Neha Singh,Pune,2024-11-13,Referral
C03670,Rohan Agarwal,Hyderabad,2024-05-02,Referral
C03671,Arjun Gupta,Bengaluru,2024-02-07,Referral
C03672,Priya Verma,Gurugram,2024-01-09,Google Ads
C03673,Ananya Mishra,Chennai,2024-03-24,WhatsApp Campaign
C03674,Rohan Agarwal,Gurugram,2025-04-09,Referral
C03675,Neha Singh,Pune,2024-05-14,Organic
C03676,Rohan Agarwal,Pune,2024-01-06,Organic
C03677,Priya Verma,Gurugram,2025-10-24,Google Ads
C03678,Sneha Patel,Gurugram,2024-01-20,WhatsApp Campaign
C03679,Rohan Agarwal,Mumbai,2024-10-19,Organic
C03680,Neha Singh,Bengaluru,2025-01-10,Referral
C03681,Rahul Sharma,Mumbai,2025-08-02,WhatsApp Campaign
C03682,Rohan Agarwal,Noida,2024-08-20,Organic
C03683,Priya Verma,Gurugram,2024-01-14,Google Ads
C03684,Arjun Gupta,Bengaluru,2025-05-15,Organic
C03685,Priya Verma,Hyderabad,2025-03-18,Instagram Ads
C03686,Priya Verma,Bengaluru,2024-08-24,Instagram Ads
C03687,Amit Kumar,Noida,2025-10-10,Instagram Ads
C03688,Rahul Sharma,Noida,2025-04-11,Google Ads
C03689,Sneha Patel,Noida,2025-06-25,Google Ads
C03690,Ananya Mishra,Pune,2025-03-10,WhatsApp Campaign
C03691,Sneha Patel,Bengaluru,2024-02-21,Google Ads
C03692,Arjun Gupta,Pune,2025-01-19,Referral
C03693,Sneha Patel,Hyderabad,2024-02-18,WhatsApp Campaign
C03694,Amit Kumar,Noida,2024-11-26,WhatsApp Campaign
C03695,Arjun Gupta,Hyderabad,2025-01-15,Organic
C03696,Ananya Mishra,Delhi,2025-11-03,Referral
C03697,Arjun Gupta,Noida,2024-09-01,Google Ads
C03698,Arjun Gupta,Bengaluru,2025-07-08,Organic
C03699,Arjun Gupta,Pune,2024-02-09,Organic
C03700,Priya Verma,Mumbai,2024-08-01,Google Ads
C03701,Rohan Agarwal,Pune,2024-12-16,Instagram Ads
C03702,Sneha Patel,Chennai,2024-02-02,Instagram Ads
C03703,Amit Kumar,Hyderabad,2025-02-11,WhatsApp Campaign
C03704,Amit Kumar,Delhi,2024-01-03,Referral
C03705,Amit Kumar,Bengaluru,2024-02-20,WhatsApp Campaign
C03706,Amit Kumar,Bengaluru,2025-08-16,Referral
C03707,Neha Singh,Delhi,2024-10-08,Referral
C03708,Rohan Agarwal,Chennai,2024-02-10,WhatsApp Campaign
C03709,Priya Verma,Noida,2024-10-28,WhatsApp Campaign
C03710,Rohan Agarwal,Hyderabad,2024-09-02,Referral
C03711,Rahul Sharma,Noida,2024-03-31,Google Ads
C03712,Priya Verma,Delhi,2025-06-08,Google Ads
C03713,Ananya Mishra,Pune,2024-01-05,Google Ads
C03714,Arjun Gupta,Gurugram,2024-12-04,Instagram Ads
C03715,Rohan Agarwal,Noida,2024-07-06,WhatsApp Campaign
C03716,Neha Singh,Mumbai,2025-05-28,Referral
C03717,Ananya Mishra,Noida,2025-04-25,Organic
C03718,Ananya Mishra,Mumbai,2024-08-26,Organic
C03719,Arjun Gupta,Noida,2025-05-25,WhatsApp Campaign
C03720,Rohan Agarwal,Hyderabad,2024-07-30,WhatsApp Campaign
C03721,Sneha Patel,Gurugram,2025-09-08,Google Ads
C03722,Neha Singh,Chennai,2025-11-29,WhatsApp Campaign
C03723,Arjun Gupta,Delhi,2024-01-16,Google Ads
C03724,Ananya Mishra,Mumbai,2025-03-08,Organic
C03725,Arjun Gupta,Gurugram,2025-01-20,WhatsApp Campaign
C03726,Rahul Sharma,Mumbai,2025-07-14,Organic
C03727,Rahul Sharma,Chennai,2024-06-11,Organic
C03728,Rahul Sharma,Mumbai,2025-07-28,Instagram Ads
C03729,Arjun Gupta,Delhi,2025-08-12,Instagram Ads
C03730,Ananya Mishra,Mumbai,2025-03-12,Instagram Ads
C03731,Sneha Patel,Mumbai,2025-05-25,WhatsApp Campaign
C03732,Sneha Patel,Gurugram,2025-11-13,WhatsApp Campaign
C03733,Sneha Patel,Pune,2024-10-18,Instagram Ads
C03734,Rahul Sharma,Pune,2024-05-10,Instagram Ads
C03735,Rohan Agarwal,Delhi,2024-12-27,WhatsApp Campaign
C03736,Ananya Mishra,Hyderabad,2024-04-01,WhatsApp Campaign
C03737,Ananya Mishra,Hyderabad,2025-09-25,WhatsApp Campaign
C03738,Arjun Gupta,Bengaluru,2024-10-23,Instagram Ads
C03739,Priya Verma,Mumbai,2024-01-20,WhatsApp Campaign
C03740,Priya Verma,Pune,2025-06-26,WhatsApp Campaign
C03741,Sneha Patel,Delhi,2025-06-27,Google Ads
C03742,Arjun Gupta,Noida,2024-03-15,Organic
C03743,Ananya Mishra,Mumbai,2024-06-19,Organic
C03744,Amit Kumar,Gurugram,2024-02-14,Organic
C03745,Amit Kumar,Mumbai,2024-05-16,Instagram Ads
C03746,Neha Singh,Hyderabad,2025-11-15,Instagram Ads
C03747,Rohan Agarwal,Noida,2024-08-23,Referral
C03748,Ananya Mishra,Chennai,2025-09-19,Instagram Ads
C03749,Amit Kumar,Noida,2024-01-01,Organic
C03750,Sneha Patel,Gurugram,2024-06-19,Organic
C03751,Ananya Mishra,Mumbai,2024-05-16,Google Ads
C03752,Rohan Agarwal,Delhi,2025-07-24,Organic
C03753,Rahul Sharma,Delhi,2024-11-11,Referral
C03754,Arjun Gupta,Bengaluru,2025-07-18,Referral
C03755,Priya Verma,Hyderabad,2025-05-21,Google Ads
C03756,Ananya Mishra,Bengaluru,2025-03-03,Instagram Ads
C03757,Ananya Mishra,Delhi,2025-06-14,Instagram Ads
C03758,Rahul Sharma,Chennai,2024-02-26,Referral
C03759,Priya Verma,Pune,2024-10-12,Google Ads
C03760,Sneha Patel,Noida,2024-02-13,Organic
C03761,Ananya Mishra,Mumbai,2025-04-17,Instagram Ads
C03762,Neha Singh,Hyderabad,2025-01-30,Organic
C03763,Amit Kumar,Chennai,2025-07-06,Google Ads
C03764,Neha Singh,Hyderabad,2024-10-17,Google Ads
C03765,Rahul Sharma,Mumbai,2025-06-08,Google Ads
C03766,Arjun Gupta,Noida,2024-07-17,Google Ads
C03767,Arjun Gupta,Bengaluru,2025-08-13,Referral
C03768,Sneha Patel,Mumbai,2024-10-18,Organic
C03769,Ananya Mishra,Gurugram,2025-09-03,Referral
C03770,Neha Singh,Bengaluru,2024-02-17,Organic
C03771,Sneha Patel,Pune,2024-02-28,Referral
C03772,Priya Verma,Delhi,2024-06-18,Referral
C03773,Amit Kumar,Gurugram,2025-09-13,Organic
C03774,Sneha Patel,Gurugram,2024-09-14,Organic
C03775,Neha Singh,Delhi,2025-01-12,Google Ads
C03776,Arjun Gupta,Mumbai,2024-06-08,Organic
C03777,Ananya Mishra,Hyderabad,2025-10-15,Referral
C03778,Ananya Mishra,Chennai,2025-11-03,Instagram Ads
C03779,Amit Kumar,Pune,2024-03-26,Instagram Ads
C03780,Neha Singh,Noida,2025-03-23,Organic
C03781,Arjun Gupta,Hyderabad,2025-02-05,Google Ads
C03782,Amit Kumar,Delhi,2024-04-21,Instagram Ads
C03783,Amit Kumar,Mumbai,2024-03-01,Organic
C03784,Rahul Sharma,Delhi,2024-11-13,Google Ads
C03785,Rahul Sharma,Gurugram,2024-08-02,Instagram Ads
C03786,Arjun Gupta,Mumbai,2024-01-09,WhatsApp Campaign
C03787,Rahul Sharma,Gurugram,2025-09-10,Referral
C03788,Rahul Sharma,Pune,2025-01-29,Referral
C03789,Arjun Gupta,Bengaluru,2025-05-09,WhatsApp Campaign
C03790,Arjun Gupta,Pune,2024-06-01,Google Ads
C03791,Ananya Mishra,Gurugram,2024-10-10,Organic
C03792,Rohan Agarwal,Pune,2025-08-11,WhatsApp Campaign
C03793,Sneha Patel,Gurugram,2024-09-15,Google Ads
C03794,Neha Singh,Hyderabad,2025-04-24,WhatsApp Campaign
C03795,Amit Kumar,Hyderabad,2024-10-13,Referral
C03796,Ananya Mishra,Pune,2024-04-04,Google Ads
C03797,Amit Kumar,Hyderabad,2024-02-17,Google Ads
C03798,Sneha Patel,Pune,2025-03-14,WhatsApp Campaign
C03799,Amit Kumar,Hyderabad,2024-02-06,Instagram Ads
C03800,Sneha Patel,Gurugram,2025-01-10,WhatsApp Campaign
C03801,Rahul Sharma,Pune,2024-12-07,Organic
C03802,Amit Kumar,Chennai,2025-09-21,Google Ads
C03803,Ananya Mishra,Delhi,2024-05-20,Organic
C03804,Sneha Patel,Mumbai,2024-07-12,Google Ads
C03805,Rahul Sharma,Chennai,2024-02-02,Referral
C03806,Rohan Agarwal,Bengaluru,2024-11-30,Google Ads
C03807,Priya Verma,Delhi,2024-12-06,Google Ads
C03808,Rahul Sharma,Chennai,2025-10-28,Referral
C03809,Sneha Patel,Mumbai,2025-01-20,Google Ads
C03810,Sneha Patel,Pune,2024-08-01,Instagram Ads
C03811,Priya Verma,Noida,2025-03-28,Referral
C03812,Arjun Gupta,Pune,2025-05-02,Google Ads
C03813,Arjun Gupta,Bengaluru,2025-09-15,Google Ads
C03814,Ananya Mishra,Chennai,2024-12-17,WhatsApp Campaign
C03815,Neha Singh,Mumbai,2025-07-28,Instagram Ads
C03816,Rahul Sharma,Hyderabad,2025-10-22,Referral
C03817,Sneha Patel,Noida,2024-07-30,Referral
C03818,Rohan Agarwal,Hyderabad,2024-12-18,Organic
C03819,Rohan Agarwal,Noida,2025-04-29,Organic
C03820,Rahul Sharma,Delhi,2024-07-16,Organic
C03821,Rohan Agarwal,Delhi,2025-06-05,Organic
C03822,Priya Verma,Gurugram,2025-08-04,Organic
C03823,Sneha Patel,Bengaluru,2025-09-21,Instagram Ads
C03824,Amit Kumar,Noida,2025-08-03,Instagram Ads
C03825,Rohan Agarwal,Hyderabad,2025-08-13,Instagram Ads
C03826,Sneha Patel,Noida,2024-08-22,WhatsApp Campaign
C03827,Neha Singh,Pune,2025-10-01,WhatsApp Campaign
C03828,Rahul Sharma,Noida,2025-05-15,Instagram Ads
C03829,Rahul Sharma,Noida,2025-07-01,WhatsApp Campaign
C03830,Rahul Sharma,Chennai,2025-09-08,WhatsApp Campaign
C03831,Neha Singh,Chennai,2025-07-24,WhatsApp Campaign
C03832,Amit Kumar,Noida,2024-06-07,WhatsApp Campaign
C03833,Arjun Gupta,Pune,2025-03-01,Referral
C03834,Ananya Mishra,Gurugram,2024-05-28,Referral
C03835,Ananya Mishra,Bengaluru,2025-08-04,Instagram Ads
C03836,Neha Singh,Mumbai,2025-11-20,Google Ads
C03837,Amit Kumar,Chennai,2024-06-27,Google Ads
C03838,Neha Singh,Delhi,2024-08-07,Referral
C03839,Arjun Gupta,Hyderabad,2024-10-17,Google Ads
C03840,Amit Kumar,Hyderabad,2024-06-30,Referral
C03841,Rahul Sharma,Hyderabad,2025-03-28,Referral
C03842,Arjun Gupta,Chennai,2024-03-18,WhatsApp Campaign
C03843,Priya Verma,Noida,2024-07-20,Instagram Ads
C03844,Priya Verma,Gurugram,2024-06-04,WhatsApp Campaign
C03845,Sneha Patel,Bengaluru,2024-11-06,Organic
C03846,Amit Kumar,Mumbai,2024-09-16,Instagram Ads
C03847,Amit Kumar,Pune,2025-08-31,Instagram Ads
C03848,Rahul Sharma,Delhi,2024-10-26,Referral
C03849,Neha Singh,Gurugram,2024-05-05,Organic
C03850,Arjun Gupta,Bengaluru,2024-02-11,Referral
C03851,Arjun Gupta,Delhi,2024-10-24,Referral
C03852,Sneha Patel,Hyderabad,2025-05-04,Organic
C03853,Priya Verma,Bengaluru,2024-05-06,Organic
C03854,Rahul Sharma,Mumbai,2024-09-21,Google Ads
C03855,Ananya Mishra,Hyderabad,2024-09-14,Google Ads
C03856,Amit Kumar,Mumbai,2025-05-28,Google Ads
C03857,Sneha Patel,Mumbai,2025-07-31,Referral
C03858,Rahul Sharma,Bengaluru,2024-04-01,Instagram Ads
C03859,Neha Singh,Mumbai,2024-03-19,Google Ads
C03860,Ananya Mishra,Mumbai,2025-06-05,Instagram Ads
C03861,Sneha Patel,Noida,2024-04-15,Google Ads
C03862,Rahul Sharma,Gurugram,2025-08-05,Instagram Ads
C03863,Rahul Sharma,Noida,2025-06-05,Instagram Ads
C03864,Rahul Sharma,Bengaluru,2024-12-15,Organic
C03865,Rohan Agarwal,Gurugram,2024-04-04,Google Ads
C03866,Neha Singh,Gurugram,2025-11-21,Organic
C03867,Rohan Agarwal,Pune,2024-05-11,Organic
C03868,Neha Singh,Pune,2024-02-11,Instagram Ads
C03869,Arjun Gupta,Hyderabad,2025-03-16,Google Ads
C03870,Rohan Agarwal,Bengaluru,2024-01-17,Instagram Ads
C03871,Ananya Mishra,Mumbai,2024-07-25,Google Ads
C03872,Rohan Agarwal,Gurugram,2024-09-13,Organic
C03873,Rohan Agarwal,Hyderabad,2024-05-19,Organic
C03874,Priya Verma,Chennai,2025-07-23,WhatsApp Campaign
C03875,Rohan Agarwal,Mumbai,2025-03-08,Referral
C03876,Priya Verma,Delhi,2024-11-27,Organic
C03877,Ananya Mishra,Pune,2025-04-27,Referral
C03878,Rohan Agarwal,Delhi,2024-10-02,Instagram Ads
C03879,Sneha Patel,Bengaluru,2025-06-04,WhatsApp Campaign
C03880,Ananya Mishra,Pune,2025-02-07,Instagram Ads
C03881,Neha Singh,Chennai,2025-06-10,Instagram Ads
C03882,Neha Singh,Delhi,2024-08-29,Google Ads
C03883,Rahul Sharma,Hyderabad,2025-04-13,Referral
C03884,Rohan Agarwal,Bengaluru,2024-01-21,Organic
C03885,Sneha Patel,Noida,2024-03-07,Organic
C03886,Rohan Agarwal,Gurugram,2025-07-17,Instagram Ads
C03887,Amit Kumar,Chennai,2025-07-17,Referral
C03888,Neha Singh,Mumbai,2024-11-25,Instagram Ads
C03889,Amit Kumar,Mumbai,2024-09-24,Organic
C03890,Ananya Mishra,Mumbai,2024-01-21,Referral
C03891,Rohan Agarwal,Chennai,2024-09-15,Organic
C03892,Rohan Agarwal,Mumbai,2024-03-21,Instagram Ads
C03893,Rohan Agarwal,Hyderabad,2024-01-02,Referral
C03894,Ananya Mishra,Mumbai,2024-07-20,Organic
C03895,Ananya Mishra,Delhi,2024-04-15,Instagram Ads
C03896,Neha Singh,Bengaluru,2024-01-18,Organic
C03897,Sneha Patel,Gurugram,2024-09-15,Google Ads
C03898,Priya Verma,Gurugram,2024-04-12,Referral
C03899,Rohan Agarwal,Mumbai,2024-03-08,Instagram Ads
C03900,Rohan Agarwal,Mumbai,2025-06-06,Instagram Ads
C03901,Priya Verma,Bengaluru,2025-10-17,Instagram Ads
C03902,Rohan Agarwal,Gurugram,2025-05-11,Google Ads
C03903,Ananya Mishra,Noida,2025-01-04,Organic
C03904,Amit Kumar,Pune,2024-02-01,WhatsApp Campaign
C03905,Neha Singh,Pune,2024-06-03,Referral
C03906,Ananya Mishra,Gurugram,2025-04-06,Referral
C03907,Priya Verma,Noida,2024-09-02,Google Ads
C03908,Amit Kumar,Hyderabad,2025-09-18,WhatsApp Campaign
C03909,Arjun Gupta,Delhi,2025-06-24,WhatsApp Campaign
C03910,Rahul Sharma,Bengaluru,2024-12-14,Referral
C03911,Arjun Gupta,Gurugram,2024-01-14,Organic
C03912,Sneha Patel,Bengaluru,2024-09-11,Referral
C03913,Rahul Sharma,Delhi,2024-05-06,Referral
C03914,Amit Kumar,Noida,2024-01-18,Instagram Ads
C03915,Arjun Gupta,Delhi,2024-05-20,Referral
C03916,Ananya Mishra,Bengaluru,2024-03-18,Referral
C03917,Rahul Sharma,Delhi,2025-04-07,Organic
C03918,Arjun Gupta,Chennai,2025-05-18,Organic
C03919,Arjun Gupta,Gurugram,2025-09-16,WhatsApp Campaign
C03920,Amit Kumar,Pune,2024-04-29,Instagram Ads
C03921,Ananya Mishra,Gurugram,2025-06-04,Google Ads
C03922,Rahul Sharma,Mumbai,2024-07-29,WhatsApp Campaign
C03923,Amit Kumar,Chennai,2025-11-17,Instagram Ads
C03924,Amit Kumar,Mumbai,2024-12-16,Referral
C03925,Rahul Sharma,Noida,2024-08-31,Instagram Ads
C03926,Priya Verma,Mumbai,2024-03-11,WhatsApp Campaign
C03927,Priya Verma,Hyderabad,2025-10-17,Instagram Ads
C03928,Rahul Sharma,Gurugram,2024-02-25,Organic
C03929,Rohan Agarwal,Gurugram,2024-05-08,Organic
C03930,Neha Singh,Bengaluru,2024-11-07,Instagram Ads
C03931,Amit Kumar,Bengaluru,2024-01-22,Referral
C03932,Amit Kumar,Hyderabad,2025-04-30,WhatsApp Campaign
C03933,Neha Singh,Chennai,2024-12-16,Google Ads
C03934,Arjun Gupta,Bengaluru,2025-11-19,Referral
C03935,Priya Verma,Pune,2025-06-18,WhatsApp Campaign
C03936,Neha Singh,Chennai,2024-06-18,Google Ads
C03937,Priya Verma,Bengaluru,2025-04-26,Instagram Ads
C03938,Arjun Gupta,Gurugram,2025-04-07,Instagram Ads
C03939,Rahul Sharma,Bengaluru,2024-03-06,WhatsApp Campaign
C03940,Priya Verma,Mumbai,2025-10-09,Organic
C03941,Sneha Patel,Chennai,2024-01-20,Referral
C03942,Arjun Gupta,Pune,2024-04-07,Organic
C03943,Rohan Agarwal,Pune,2024-04-18,Instagram Ads
C03944,Rohan Agarwal,Mumbai,2025-09-11,Referral
C03945,Rohan Agarwal,Gurugram,2024-03-22,Referral
C03946,Priya Verma,Noida,2025-01-24,Organic
C03947,Amit Kumar,Hyderabad,2024-04-12,Google Ads
C03948,Amit Kumar,Hyderabad,2025-05-24,Referral
C03949,Amit Kumar,Hyderabad,2024-11-08,Organic
C03950,Priya Verma,Pune,2024-02-24,Instagram Ads
C03951,Arjun Gupta,Noida,2024-08-13,Google Ads
C03952,Priya Verma,Chennai,2024-05-08,Referral
C03953,Arjun Gupta,Hyderabad,2025-09-06,WhatsApp Campaign
C03954,Arjun Gupta,Noida,2025-11-13,Google Ads
C03955,Neha Singh,Noida,2025-01-26,Instagram Ads
C03956,Neha Singh,Noida,2025-05-09,WhatsApp Campaign
C03957,Rahul Sharma,Pune,2025-04-15,Instagram Ads
C03958,Sneha Patel,Bengaluru,2024-07-29,Instagram Ads
C03959,Priya Verma,Gurugram,2025-07-15,Organic
C03960,Neha Singh,Mumbai,2024-08-08,Referral
C03961,Neha Singh,Noida,2025-07-16,Google Ads
C03962,Ananya Mishra,Hyderabad,2025-06-22,Instagram Ads
C03963,Arjun Gupta,Pune,2025-08-25,Referral
C03964,Priya Verma,Chennai,2024-03-10,Organic
C03965,Ananya Mishra,Mumbai,2025-07-05,Instagram Ads
C03966,Ananya Mishra,Hyderabad,2024-12-31,Instagram Ads
C03967,Neha Singh,Mumbai,2025-09-15,Google Ads
C03968,Rohan Agarwal,Bengaluru,2024-01-01,WhatsApp Campaign
C03969,Sneha Patel,Gurugram,2024-08-28,Instagram Ads
C03970,Priya Verma,Chennai,2025-04-27,Organic
C03971,Rahul Sharma,Hyderabad,2024-07-07,WhatsApp Campaign
C03972,Arjun Gupta,Mumbai,2024-02-11,Referral
C03973,Rahul Sharma,Hyderabad,2024-02-01,WhatsApp Campaign
C03974,Amit Kumar,Hyderabad,2025-05-26,Instagram Ads
C03975,Rohan Agarwal,Pune,2024-04-16,Referral
C03976,Neha Singh,Pune,2025-10-15,Organic
C03977,Rohan Agarwal,Gurugram,2024-06-24,Instagram Ads
C03978,Priya Verma,Gurugram,2024-12-22,WhatsApp Campaign
C03979,Rahul Sharma,Pune,2024-02-03,Organic
C03980,Arjun Gupta,Delhi,2024-03-18,WhatsApp Campaign
C03981,Amit Kumar,Hyderabad,2024-08-21,Instagram Ads
C03982,Arjun Gupta,Delhi,2025-06-08,Organic
C03983,Sneha Patel,Noida,2024-02-02,Google Ads
C03984,Arjun Gupta,Chennai,2025-11-09,Google Ads
C03985,Priya Verma,Pune,2024-09-24,Referral
C03986,Arjun Gupta,Hyderabad,2025-09-15,Organic
C03987,Rohan Agarwal,Pune,2024-01-19,Referral
C03988,Arjun Gupta,Delhi,2024-05-19,Referral
C03989,Neha Singh,Delhi,2024-07-06,WhatsApp Campaign
C03990,Ananya Mishra,Chennai,2025-06-06,Referral
C03991,Rohan Agarwal,Gurugram,2025-01-10,Instagram Ads
C03992,Amit Kumar,Bengaluru,2024-09-24,Instagram Ads
C03993,Rohan Agarwal,Noida,2024-12-17,Referral
C03994,Rohan Agarwal,Chennai,2025-11-02,Instagram Ads
C03995,Arjun Gupta,Noida,2024-12-25,Instagram Ads
C03996,Priya Verma,Bengaluru,2025-05-03,Instagram Ads
C03997,Amit Kumar,Noida,2025-11-02,WhatsApp Campaign
C03998,Priya Verma,Chennai,2025-10-05,Referral
C03999,Sneha Patel,Chennai,2024-06-09,WhatsApp Campaign
C04000,Arjun Gupta,Chennai,2025-04-29,Organic
C04001,Rahul Sharma,Bengaluru,2025-06-18,Google Ads
C04002,Priya Verma,Gurugram,2025-01-24,WhatsApp Campaign
C04003,Ananya Mishra,Hyderabad,2025-08-31,WhatsApp Campaign
C04004,Amit Kumar,Hyderabad,2024-07-11,Instagram Ads
C04005,Sneha Patel,Gurugram,2024-07-03,Instagram Ads
C04006,Rahul Sharma,Hyderabad,2024-09-29,Organic
C04007,Neha Singh,Gurugram,2025-04-03,Google Ads
C04008,Priya Verma,Gurugram,2024-01-19,Referral
C04009,Neha Singh,Bengaluru,2024-06-29,Google Ads
C04010,Rahul Sharma,Bengaluru,2024-07-23,WhatsApp Campaign
C04011,Priya Verma,Chennai,2024-08-23,Google Ads
C04012,Rohan Agarwal,Bengaluru,2025-07-02,Instagram Ads
C04013,Rahul Sharma,Chennai,2025-06-27,Google Ads
C04014,Amit Kumar,Mumbai,2025-11-19,Referral
C04015,Arjun Gupta,Gurugram,2025-07-14,Organic
C04016,Sneha Patel,Hyderabad,2025-05-13,WhatsApp Campaign
C04017,Arjun Gupta,Mumbai,2024-03-16,Organic
C04018,Neha Singh,Delhi,2024-03-12,Instagram Ads
C04019,Rahul Sharma,Chennai,2025-09-21,Instagram Ads
C04020,Rahul Sharma,Bengaluru,2024-03-30,WhatsApp Campaign
C04021,Ananya Mishra,Gurugram,2024-12-05,Google Ads
C04022,Sneha Patel,Mumbai,2024-08-18,Organic
C04023,Amit Kumar,Hyderabad,2025-07-03,Google Ads
C04024,Priya Verma,Delhi,2024-10-06,Instagram Ads
C04025,Sneha Patel,Bengaluru,2024-01-20,Instagram Ads
C04026,Ananya Mishra,Mumbai,2025-01-11,Google Ads
C04027,Rohan Agarwal,Gurugram,2024-07-22,Instagram Ads
C04028,Sneha Patel,Mumbai,2024-05-10,Instagram Ads
C04029,Ananya Mishra,Delhi,2025-03-10,Google Ads
C04030,Rohan Agarwal,Bengaluru,2024-04-12,Referral
C04031,Sneha Patel,Mumbai,2025-06-09,Organic
C04032,Sneha Patel,Chennai,2025-11-09,WhatsApp Campaign
C04033,Priya Verma,Chennai,2024-12-16,Google Ads
C04034,Priya Verma,Pune,2025-01-14,WhatsApp Campaign
C04035,Amit Kumar,Gurugram,2024-02-12,Organic
C04036,Arjun Gupta,Chennai,2025-09-09,Instagram Ads
C04037,Rahul Sharma,Delhi,2024-11-09,Google Ads
C04038,Neha Singh,Mumbai,2025-05-03,Referral
C04039,Ananya Mishra,Gurugram,2025-08-18,WhatsApp Campaign
C04040,Rahul Sharma,Pune,2024-08-22,Organic
C04041,Rahul Sharma,Gurugram,2024-06-06,Referral
C04042,Amit Kumar,Chennai,2024-05-24,Referral
C04043,Rohan Agarwal,Pune,2025-03-18,WhatsApp Campaign
C04044,Rohan Agarwal,Bengaluru,2025-01-01,WhatsApp Campaign
C04045,Arjun Gupta,Noida,2024-12-02,Referral
C04046,Neha Singh,Gurugram,2024-07-09,Referral
C04047,Arjun Gupta,Pune,2025-01-08,WhatsApp Campaign
C04048,Rahul Sharma,Noida,2025-08-19,Organic
C04049,Ananya Mishra,Hyderabad,2024-02-05,Referral
C04050,Ananya Mishra,Pune,2024-05-25,WhatsApp Campaign
C04051,Priya Verma,Pune,2024-11-24,WhatsApp Campaign
C04052,Ananya Mishra,Delhi,2024-04-21,Referral
C04053,Neha Singh,Hyderabad,2025-01-21,WhatsApp Campaign
C04054,Amit Kumar,Mumbai,2024-12-06,Google Ads
C04055,Arjun Gupta,Pune,2024-06-17,Referral
C04056,Arjun Gupta,Hyderabad,2024-10-15,Google Ads
C04057,Arjun Gupta,Pune,2025-09-17,WhatsApp Campaign
C04058,Priya Verma,Gurugram,2025-04-14,WhatsApp Campaign
C04059,Sneha Patel,Mumbai,2024-05-21,Organic
C04060,Ananya Mishra,Mumbai,2024-06-17,Instagram Ads
C04061,Rahul Sharma,Pune,2024-06-13,WhatsApp Campaign
C04062,Rohan Agarwal,Delhi,2025-06-09,Referral
C04063,Ananya Mishra,Pune,2024-05-04,Referral
C04064,Rohan Agarwal,Noida,2025-04-21,WhatsApp Campaign
C04065,Neha Singh,Delhi,2024-03-13,WhatsApp Campaign
C04066,Rahul Sharma,Delhi,2025-04-03,Google Ads
C04067,Arjun Gupta,Delhi,2025-05-22,Organic
C04068,Rahul Sharma,Delhi,2024-01-05,Google Ads
C04069,Rohan Agarwal,Chennai,2024-11-04,Instagram Ads
C04070,Amit Kumar,Gurugram,2025-10-01,Google Ads
C04071,Ananya Mishra,Mumbai,2024-05-09,Instagram Ads
C04072,Rahul Sharma,Bengaluru,2024-07-27,Referral
C04073,Arjun Gupta,Noida,2025-11-17,Organic
C04074,Rahul Sharma,Noida,2024-03-30,Referral
C04075,Neha Singh,Mumbai,2024-01-01,Referral
C04076,Neha Singh,Delhi,2024-04-24,Instagram Ads
C04077,Neha Singh,Delhi,2025-05-27,Referral
C04078,Rohan Agarwal,Chennai,2025-09-27,Google Ads
C04079,Rahul Sharma,Noida,2024-02-22,Instagram Ads
C04080,Priya Verma,Mumbai,2025-09-23,Instagram Ads
C04081,Priya Verma,Chennai,2024-04-05,Instagram Ads
C04082,Priya Verma,Pune,2024-01-27,Instagram Ads
C04083,Amit Kumar,Mumbai,2024-07-20,WhatsApp Campaign
C04084,Ananya Mishra,Pune,2024-01-16,Google Ads
C04085,Sneha Patel,Hyderabad,2024-10-15,Organic
C04086,Neha Singh,Mumbai,2024-08-16,Organic
C04087,Arjun Gupta,Noida,2024-10-14,Referral
C04088,Neha Singh,Mumbai,2024-12-12,Instagram Ads
C04089,Rahul Sharma,Pune,2025-02-26,WhatsApp Campaign
C04090,Neha Singh,Hyderabad,2024-11-06,Google Ads
C04091,Rohan Agarwal,Chennai,2025-04-19,Referral
C04092,Rahul Sharma,Mumbai,2025-01-23,Referral
C04093,Priya Verma,Noida,2025-08-17,Referral
C04094,Sneha Patel,Chennai,2024-02-06,Referral
C04095,Neha Singh,Gurugram,2024-02-13,Google Ads
C04096,Amit Kumar,Mumbai,2024-05-27,Referral
C04097,Neha Singh,Pune,2024-05-08,Instagram Ads
C04098,Ananya Mishra,Pune,2024-09-27,Instagram Ads
C04099,Ananya Mishra,Bengaluru,2024-04-30,Referral
C04100,Neha Singh,Gurugram,2024-07-21,Google Ads
C04101,Rohan Agarwal,Chennai,2024-06-04,WhatsApp Campaign
C04102,Amit Kumar,Mumbai,2024-11-18,WhatsApp Campaign
C04103,Sneha Patel,Mumbai,2024-01-31,Referral
C04104,Ananya Mishra,Noida,2025-11-19,Google Ads
C04105,Arjun Gupta,Mumbai,2024-07-06,Google Ads
C04106,Rohan Agarwal,Gurugram,2024-04-12,Referral
C04107,Neha Singh,Delhi,2024-04-27,Organic
C04108,Amit Kumar,Pune,2025-02-24,Referral
C04109,Neha Singh,Pune,2025-06-12,WhatsApp Campaign
C04110,Ananya Mishra,Pune,2024-03-29,Google Ads
C04111,Arjun Gupta,Delhi,2024-01-08,Google Ads
C04112,Sneha Patel,Chennai,2024-11-26,Organic
C04113,Amit Kumar,Bengaluru,2025-01-03,Google Ads
C04114,Neha Singh,Chennai,2024-08-22,WhatsApp Campaign
C04115,Rahul Sharma,Chennai,2025-08-17,Organic
C04116,Priya Verma,Pune,2024-08-27,WhatsApp Campaign
C04117,Sneha Patel,Delhi,2025-04-12,Google Ads
C04118,Rahul Sharma,Noida,2024-10-06,Instagram Ads
C04119,Priya Verma,Chennai,2024-04-18,Referral
C04120,Ananya Mishra,Chennai,2025-01-07,Organic
C04121,Rahul Sharma,Pune,2025-01-31,WhatsApp Campaign
C04122,Ananya Mishra,Mumbai,2025-08-15,Referral
C04123,Neha Singh,Delhi,2024-05-07,Google Ads
C04124,Sneha Patel,Bengaluru,2024-04-04,Organic
C04125,Rohan Agarwal,Mumbai,2025-10-10,Referral
C04126,Priya Verma,Chennai,2024-03-21,Google Ads
C04127,Ananya Mishra,Hyderabad,2024-11-07,Instagram Ads
C04128,Amit Kumar,Pune,2024-02-25,WhatsApp Campaign
C04129,Rohan Agarwal,Mumbai,2024-10-28,Organic
C04130,Rahul Sharma,Bengaluru,2024-05-04,Organic
C04131,Priya Verma,Hyderabad,2025-08-05,Google Ads
C04132,Rahul Sharma,Hyderabad,2025-03-05,Google Ads
C04133,Arjun Gupta,Bengaluru,2024-03-26,Google Ads
C04134,Amit Kumar,Mumbai,2024-04-11,Instagram Ads
C04135,Priya Verma,Gurugram,2025-11-18,Referral
C04136,Arjun Gupta,Chennai,2025-06-10,Google Ads
C04137,Amit Kumar,Noida,2024-05-06,WhatsApp Campaign
C04138,Amit Kumar,Gurugram,2024-12-16,WhatsApp Campaign
C04139,Amit Kumar,Bengaluru,2024-05-14,Instagram Ads
C04140,Priya Verma,Delhi,2024-05-04,Google Ads
C04141,Arjun Gupta,Bengaluru,2024-08-13,WhatsApp Campaign
C04142,Arjun Gupta,Delhi,2025-06-29,Referral
C04143,Amit Kumar,Bengaluru,2025-08-08,WhatsApp Campaign
C04144,Rahul Sharma,Noida,2024-08-26,Organic
C04145,Ananya Mishra,Pune,2024-08-28,Google Ads
C04146,Amit Kumar,Noida,2024-03-16,Google Ads
C04147,Priya Verma,Delhi,2025-04-27,Google Ads
C04148,Rohan Agarwal,Chennai,2024-11-26,Instagram Ads
C04149,Priya Verma,Bengaluru,2024-03-25,Referral
C04150,Amit Kumar,Gurugram,2024-09-18,Instagram Ads
C04151,Ananya Mishra,Hyderabad,2025-07-04,Organic
C04152,Sneha Patel,Noida,2025-05-15,Organic
C04153,Amit Kumar,Gurugram,2024-01-31,Instagram Ads
C04154,Sneha Patel,Chennai,2025-10-03,Referral
C04155,Priya Verma,Delhi,2024-08-22,Referral
C04156,Amit Kumar,Mumbai,2025-03-15,WhatsApp Campaign
C04157,Priya Verma,Hyderabad,2025-07-31,Instagram Ads
C04158,Arjun Gupta,Hyderabad,2025-04-12,WhatsApp Campaign
C04159,Arjun Gupta,Noida,2025-10-02,Google Ads
C04160,Rohan Agarwal,Gurugram,2024-03-24,Organic
C04161,Amit Kumar,Bengaluru,2024-02-29,Instagram Ads
C04162,Sneha Patel,Hyderabad,2024-02-26,Instagram Ads
C04163,Ananya Mishra,Delhi,2024-11-14,Organic
C04164,Sneha Patel,Chennai,2024-05-23,Instagram Ads
C04165,Neha Singh,Hyderabad,2025-05-28,Referral
C04166,Ananya Mishra,Noida,2025-04-30,Organic
C04167,Rohan Agarwal,Noida,2024-11-16,Organic
C04168,Neha Singh,Chennai,2025-10-01,Instagram Ads
C04169,Ananya Mishra,Mumbai,2024-10-20,Google Ads
C04170,Rahul Sharma,Bengaluru,2025-08-23,Referral
C04171,Priya Verma,Mumbai,2024-08-05,Referral
C04172,Sneha Patel,Delhi,2025-07-02,WhatsApp Campaign
C04173,Rohan Agarwal,Mumbai,2024-06-27,Google Ads
C04174,Sneha Patel,Mumbai,2025-08-10,Instagram Ads
C04175,Sneha Patel,Bengaluru,2025-09-28,WhatsApp Campaign
C04176,Ananya Mishra,Delhi,2024-04-11,WhatsApp Campaign
C04177,Amit Kumar,Bengaluru,2024-06-14,Referral
C04178,Priya Verma,Pune,2024-04-14,Instagram Ads
C04179,Ananya Mishra,Noida,2024-07-28,Referral
C04180,Rohan Agarwal,Pune,2024-01-12,Referral
C04181,Ananya Mishra,Gurugram,2024-04-05,Google Ads
C04182,Priya Verma,Gurugram,2024-02-03,Google Ads
C04183,Sneha Patel,Mumbai,2025-01-03,Referral
C04184,Rahul Sharma,Mumbai,2025-09-30,Organic
C04185,Rahul Sharma,Mumbai,2024-12-23,Organic
C04186,Ananya Mishra,Hyderabad,2025-02-17,WhatsApp Campaign
C04187,Rahul Sharma,Bengaluru,2024-07-24,Referral
C04188,Arjun Gupta,Bengaluru,2025-11-29,Google Ads
C04189,Arjun Gupta,Mumbai,2024-12-08,WhatsApp Campaign
C04190,Ananya Mishra,Bengaluru,2024-05-07,WhatsApp Campaign
C04191,Neha Singh,Hyderabad,2025-03-05,Referral
C04192,Neha Singh,Mumbai,2025-04-29,Instagram Ads
C04193,Amit Kumar,Bengaluru,2024-12-28,Organic
C04194,Amit Kumar,Hyderabad,2025-05-07,Referral
C04195,Rahul Sharma,Hyderabad,2025-01-18,Google Ads
C04196,Amit Kumar,Gurugram,2024-08-07,Referral
C04197,Arjun Gupta,Mumbai,2024-02-03,WhatsApp Campaign
C04198,Amit Kumar,Chennai,2024-10-06,Organic
C04199,Ananya Mishra,Bengaluru,2024-01-08,Referral
C04200,Ananya Mishra,Delhi,2025-05-29,Google Ads
C04201,Amit Kumar,Pune,2024-06-07,Organic
C04202,Priya Verma,Hyderabad,2025-10-06,WhatsApp Campaign
C04203,Amit Kumar,Noida,2025-03-23,Google Ads
C04204,Rohan Agarwal,Chennai,2024-08-05,Instagram Ads
C04205,Arjun Gupta,Gurugram,2025-02-14,WhatsApp Campaign
C04206,Arjun Gupta,Pune,2025-03-28,WhatsApp Campaign
C04207,Amit Kumar,Noida,2024-06-16,WhatsApp Campaign
C04208,Sneha Patel,Gurugram,2025-01-27,Organic
C04209,Rohan Agarwal,Hyderabad,2024-07-17,Referral
C04210,Priya Verma,Mumbai,2025-10-11,Google Ads
C04211,Sneha Patel,Pune,2025-01-21,Google Ads
C04212,Priya Verma,Delhi,2025-09-07,Organic
C04213,Priya Verma,Noida,2025-04-29,Referral
C04214,Neha Singh,Noida,2024-02-27,WhatsApp Campaign
C04215,Rohan Agarwal,Gurugram,2024-06-22,WhatsApp Campaign
C04216,Rohan Agarwal,Gurugram,2024-05-01,Google Ads
C04217,Ananya Mishra,Delhi,2024-09-02,Organic
C04218,Neha Singh,Pune,2024-02-19,Organic
C04219,Ananya Mishra,Noida,2025-05-02,WhatsApp Campaign
C04220,Rohan Agarwal,Hyderabad,2025-03-16,Instagram Ads
C04221,Neha Singh,Hyderabad,2024-03-09,Organic
C04222,Rahul Sharma,Noida,2024-03-25,Organic
C04223,Rahul Sharma,Gurugram,2024-11-11,Google Ads
C04224,Neha Singh,Bengaluru,2025-06-06,Google Ads
C04225,Rohan Agarwal,Noida,2024-12-17,WhatsApp Campaign
C04226,Rohan Agarwal,Bengaluru,2025-11-14,Referral
C04227,Arjun Gupta,Gurugram,2024-03-30,Organic
C04228,Sneha Patel,Noida,2025-11-09,Referral
C04229,Ananya Mishra,Bengaluru,2025-10-01,WhatsApp Campaign
C04230,Arjun Gupta,Gurugram,2024-12-19,Google Ads
C04231,Rahul Sharma,Bengaluru,2025-07-20,Referral
C04232,Priya Verma,Hyderabad,2024-01-25,Referral
C04233,Rahul Sharma,Delhi,2024-07-26,Instagram Ads
C04234,Arjun Gupta,Chennai,2025-11-08,Organic
C04235,Amit Kumar,Chennai,2025-12-01,Instagram Ads
C04236,Rahul Sharma,Hyderabad,2024-04-09,Organic
C04237,Rohan Agarwal,Chennai,2025-10-28,Google Ads
C04238,Amit Kumar,Bengaluru,2025-08-29,Referral
C04239,Rahul Sharma,Chennai,2025-08-16,Google Ads
C04240,Rahul Sharma,Delhi,2025-10-05,Instagram Ads
C04241,Sneha Patel,Mumbai,2025-10-17,Organic
C04242,Neha Singh,Gurugram,2025-11-15,WhatsApp Campaign
C04243,Amit Kumar,Chennai,2024-01-19,Organic
C04244,Sneha Patel,Gurugram,2024-01-15,Referral
C04245,Arjun Gupta,Chennai,2024-05-23,Organic
C04246,Priya Verma,Hyderabad,2024-03-20,WhatsApp Campaign
C04247,Neha Singh,Gurugram,2024-10-02,Google Ads
C04248,Sneha Patel,Noida,2025-05-03,Google Ads
C04249,Priya Verma,Bengaluru,2025-01-11,Google Ads
C04250,Rahul Sharma,Mumbai,2025-08-14,Referral
C04251,Rohan Agarwal,Pune,2025-03-08,Instagram Ads
C04252,Amit Kumar,Gurugram,2024-06-30,Google Ads
C04253,Neha Singh,Pune,2025-10-23,Organic
C04254,Amit Kumar,Bengaluru,2024-05-06,Google Ads
C04255,Neha Singh,Hyderabad,2025-11-01,Referral
C04256,Rahul Sharma,Pune,2025-09-05,Referral
C04257,Rahul Sharma,Chennai,2024-06-27,Organic
C04258,Rahul Sharma,Bengaluru,2024-05-13,Organic
C04259,Arjun Gupta,Mumbai,2025-05-10,Instagram Ads
C04260,Rahul Sharma,Mumbai,2025-02-10,Referral
C04261,Sneha Patel,Chennai,2024-12-19,Google Ads
C04262,Neha Singh,Noida,2024-08-13,Organic
C04263,Sneha Patel,Noida,2024-06-02,Organic
C04264,Sneha Patel,Delhi,2024-12-02,Organic
C04265,Amit Kumar,Hyderabad,2025-11-15,Referral
C04266,Ananya Mishra,Delhi,2024-07-28,Referral
C04267,Arjun Gupta,Hyderabad,2024-11-25,Google Ads
C04268,Rahul Sharma,Delhi,2025-07-13,Google Ads
C04269,Sneha Patel,Hyderabad,2025-07-04,Google Ads
C04270,Ananya Mishra,Hyderabad,2024-01-24,Organic
C04271,Ananya Mishra,Gurugram,2024-02-27,Instagram Ads
C04272,Priya Verma,Mumbai,2024-04-02,Organic
C04273,Ananya Mishra,Delhi,2024-10-25,Instagram Ads
C04274,Sneha Patel,Noida,2025-07-12,Referral
C04275,Sneha Patel,Delhi,2025-02-06,Instagram Ads
C04276,Rahul Sharma,Gurugram,2025-09-01,Instagram Ads
C04277,Priya Verma,Bengaluru,2024-09-08,WhatsApp Campaign
C04278,Neha Singh,Delhi,2025-11-24,Organic
C04279,Amit Kumar,Bengaluru,2025-05-23,Instagram Ads
C04280,Sneha Patel,Pune,2025-11-30,WhatsApp Campaign
C04281,Priya Verma,Mumbai,2024-12-05,Google Ads
C04282,Neha Singh,Bengaluru,2024-06-11,WhatsApp Campaign
C04283,Ananya Mishra,Noida,2025-07-17,Google Ads
C04284,Arjun Gupta,Gurugram,2025-10-23,Referral
C04285,Ananya Mishra,Mumbai,2025-06-30,WhatsApp Campaign
C04286,Rahul Sharma,Delhi,2024-04-02,Google Ads
C04287,Rohan Agarwal,Noida,2025-10-21,Instagram Ads
C04288,Arjun Gupta,Delhi,2024-01-13,Google Ads
C04289,Arjun Gupta,Delhi,2025-07-02,WhatsApp Campaign
C04290,Ananya Mishra,Hyderabad,2025-05-05,Referral
C04291,Neha Singh,Bengaluru,2024-05-27,WhatsApp Campaign
C04292,Amit Kumar,Pune,2024-11-01,Referral
C04293,Sneha Patel,Gurugram,2025-11-03,Referral
C04294,Rohan Agarwal,Mumbai,2025-01-02,WhatsApp Campaign
C04295,Priya Verma,Chennai,2024-08-30,Organic
C04296,Rahul Sharma,Pune,2024-11-22,Instagram Ads
C04297,Sneha Patel,Hyderabad,2024-06-01,Google Ads
C04298,Rahul Sharma,Chennai,2024-01-30,Google Ads
C04299,Amit Kumar,Noida,2025-07-30,Google Ads
C04300,Arjun Gupta,Bengaluru,2024-06-23,Instagram Ads
C04301,Priya Verma,Pune,2025-08-21,Instagram Ads
C04302,Priya Verma,Mumbai,2025-11-17,WhatsApp Campaign
C04303,Rohan Agarwal,Noida,2025-04-16,Organic
C04304,Sneha Patel,Chennai,2025-01-21,Referral
C04305,Priya Verma,Hyderabad,2024-01-14,Google Ads
C04306,Sneha Patel,Noida,2025-11-19,WhatsApp Campaign
C04307,Arjun Gupta,Chennai,2025-10-24,WhatsApp Campaign
C04308,Rahul Sharma,Hyderabad,2024-07-09,Organic
C04309,Ananya Mishra,Pune,2025-04-15,Referral
C04310,Ananya Mishra,Hyderabad,2025-08-30,Organic
C04311,Sneha Patel,Delhi,2025-03-30,Instagram Ads
C04312,Rohan Agarwal,Delhi,2025-11-30,Referral
C04313,Amit Kumar,Noida,2025-03-15,Referral
C04314,Rahul Sharma,Chennai,2025-10-15,Google Ads
C04315,Rahul Sharma,Delhi,2025-03-19,WhatsApp Campaign
C04316,Amit Kumar,Pune,2024-02-10,Organic
C04317,Rahul Sharma,Bengaluru,2025-09-02,Instagram Ads
C04318,Rohan Agarwal,Gurugram,2024-05-23,Google Ads
C04319,Sneha Patel,Gurugram,2025-11-15,Organic
C04320,Rahul Sharma,Mumbai,2025-08-26,Google Ads
C04321,Priya Verma,Mumbai,2024-05-01,Referral
C04322,Priya Verma,Delhi,2025-10-25,Organic
C04323,Rohan Agarwal,Mumbai,2024-07-08,WhatsApp Campaign
C04324,Priya Verma,Noida,2025-04-13,Referral
C04325,Rahul Sharma,Noida,2025-10-05,Organic
C04326,Neha Singh,Chennai,2024-11-18,Google Ads
C04327,Sneha Patel,Gurugram,2024-12-12,WhatsApp Campaign
C04328,Arjun Gupta,Gurugram,2024-08-27,Organic
C04329,Amit Kumar,Bengaluru,2025-11-02,Organic
C04330,Arjun Gupta,Chennai,2025-05-16,Referral
C04331,Rahul Sharma,Hyderabad,2025-11-01,WhatsApp Campaign
C04332,Rahul Sharma,Mumbai,2024-09-19,Instagram Ads
C04333,Neha Singh,Chennai,2025-10-24,Google Ads
C04334,Priya Verma,Delhi,2024-07-16,Instagram Ads
C04335,Priya Verma,Pune,2025-06-19,WhatsApp Campaign
C04336,Neha Singh,Chennai,2024-05-08,Referral
C04337,Amit Kumar,Mumbai,2024-11-06,WhatsApp Campaign
C04338,Rohan Agarwal,Pune,2024-09-26,Referral
C04339,Ananya Mishra,Gurugram,2024-12-05,Organic
C04340,Ananya Mishra,Gurugram,2024-02-24,Google Ads
C04341,Sneha Patel,Noida,2024-04-05,Organic
C04342,Neha Singh,Chennai,2025-01-18,Instagram Ads
C04343,Rahul Sharma,Noida,2024-08-20,Referral
C04344,Rohan Agarwal,Chennai,2025-02-08,Organic
C04345,Ananya Mishra,Chennai,2025-06-07,Referral
C04346,Amit Kumar,Pune,2024-12-06,Referral
C04347,Neha Singh,Gurugram,2024-06-07,Instagram Ads
C04348,Sneha Patel,Gurugram,2024-08-31,Instagram Ads
C04349,Rohan Agarwal,Hyderabad,2024-12-07,Instagram Ads
C04350,Rahul Sharma,Chennai,2024-02-09,Google Ads
C04351,Rahul Sharma,Noida,2024-09-14,Google Ads
C04352,Rohan Agarwal,Pune,2025-05-01,Referral
C04353,Arjun Gupta,Bengaluru,2025-04-14,Organic
C04354,Priya Verma,Pune,2024-05-16,Organic
C04355,Amit Kumar,Noida,2025-11-18,Referral
C04356,Arjun Gupta,Pune,2025-11-27,Google Ads
C04357,Rohan Agarwal,Noida,2024-02-08,Instagram Ads
C04358,Rohan Agarwal,Gurugram,2024-07-07,WhatsApp Campaign
C04359,Neha Singh,Delhi,2024-03-26,WhatsApp Campaign
C04360,Neha Singh,Mumbai,2024-09-28,Instagram Ads
C04361,Rohan Agarwal,Noida,2025-05-15,Google Ads
C04362,Rohan Agarwal,Gurugram,2025-04-18,Referral
C04363,Ananya Mishra,Bengaluru,2025-07-27,Organic
C04364,Rahul Sharma,Chennai,2024-08-16,Instagram Ads
C04365,Ananya Mishra,Noida,2024-12-03,Organic
C04366,Amit Kumar,Noida,2024-03-21,WhatsApp Campaign
C04367,Rahul Sharma,Chennai,2024-10-09,Google Ads
C04368,Amit Kumar,Gurugram,2024-04-27,Referral
C04369,Amit Kumar,Pune,2025-11-04,Organic
C04370,Arjun Gupta,Bengaluru,2025-01-16,Instagram Ads
C04371,Rohan Agarwal,Noida,2025-05-02,WhatsApp Campaign
C04372,Neha Singh,Chennai,2024-02-19,WhatsApp Campaign
C04373,Neha Singh,Pune,2025-02-27,WhatsApp Campaign
C04374,Neha Singh,Gurugram,2025-01-12,Organic
C04375,Amit Kumar,Hyderabad,2025-03-07,Organic
C04376,Ananya Mishra,Hyderabad,2024-07-19,Google Ads
C04377,Neha Singh,Mumbai,2024-03-15,Google Ads
C04378,Amit Kumar,Pune,2024-06-24,Organic
C04379,Rahul Sharma,Mumbai,2024-02-17,WhatsApp Campaign
C04380,Sneha Patel,Bengaluru,2024-10-03,Referral
C04381,Rohan Agarwal,Mumbai,2025-04-03,Organic
C04382,Rohan Agarwal,Pune,2025-09-18,Referral
C04383,Neha Singh,Gurugram,2025-02-05,Referral
C04384,Arjun Gupta,Hyderabad,2024-11-09,Organic
C04385,Rahul Sharma,Gurugram,2024-12-17,Referral
C04386,Rahul Sharma,Noida,2024-11-27,Organic
C04387,Priya Verma,Hyderabad,2025-03-03,Organic
C04388,Rohan Agarwal,Gurugram,2025-05-16,Instagram Ads
C04389,Arjun Gupta,Hyderabad,2024-10-13,Organic
C04390,Priya Verma,Mumbai,2024-07-24,Organic
C04391,Rahul Sharma,Delhi,2025-04-27,Organic
C04392,Neha Singh,Gurugram,2024-05-20,WhatsApp Campaign
C04393,Rohan Agarwal,Noida,2025-05-23,Organic
C04394,Rohan Agarwal,Hyderabad,2024-07-26,Organic
C04395,Neha Singh,Gurugram,2025-04-08,Google Ads
C04396,Rahul Sharma,Noida,2024-02-24,Instagram Ads
C04397,Priya Verma,Mumbai,2024-12-15,Organic
C04398,Amit Kumar,Gurugram,2024-09-21,Referral
C04399,Rahul Sharma,Noida,2025-08-04,Google Ads
C04400,Ananya Mishra,Chennai,2025-10-22,Referral
C04401,Ananya Mishra,Delhi,2024-12-26,Google Ads
C04402,Rahul Sharma,Bengaluru,2025-01-23,Organic
C04403,Arjun Gupta,Noida,2024-11-23,WhatsApp Campaign
C04404,Priya Verma,Delhi,2025-10-10,Referral
C04405,Priya Verma,Bengaluru,2025-03-30,Instagram Ads
C04406,Neha Singh,Gurugram,2025-05-04,Google Ads
C04407,Amit Kumar,Mumbai,2024-09-20,WhatsApp Campaign
C04408,Rohan Agarwal,Pune,2024-08-23,Organic
C04409,Ananya Mishra,Gurugram,2024-10-09,WhatsApp Campaign
C04410,Rahul Sharma,Noida,2024-10-20,Referral
C04411,Arjun Gupta,Pune,2024-10-24,Referral
C04412,Neha Singh,Noida,2024-05-28,Referral
C04413,Sneha Patel,Delhi,2025-09-28,Instagram Ads
C04414,Neha Singh,Noida,2025-11-18,Google Ads
C04415,Amit Kumar,Hyderabad,2024-05-27,WhatsApp Campaign
C04416,Rohan Agarwal,Mumbai,2024-12-26,Organic
C04417,Rahul Sharma,Pune,2024-06-06,Google Ads
C04418,Sneha Patel,Gurugram,2025-10-26,Instagram Ads
C04419,Priya Verma,Pune,2024-03-06,Organic
C04420,Arjun Gupta,Gurugram,2025-10-17,Organic
C04421,Rahul Sharma,Noida,2024-10-07,Referral
C04422,Amit Kumar,Gurugram,2025-08-16,WhatsApp Campaign
C04423,Priya Verma,Delhi,2024-05-10,Instagram Ads
C04424,Neha Singh,Chennai,2025-02-24,WhatsApp Campaign
C04425,Rahul Sharma,Bengaluru,2025-10-09,WhatsApp Campaign
C04426,Neha Singh,Gurugram,2025-03-06,Organic
C04427,Neha Singh,Noida,2024-01-20,Organic
C04428,Rahul Sharma,Mumbai,2024-12-08,WhatsApp Campaign
C04429,Rohan Agarwal,Hyderabad,2024-12-20,Instagram Ads
C04430,Neha Singh,Noida,2025-08-15,Google Ads
C04431,Rohan Agarwal,Delhi,2025-12-01,WhatsApp Campaign
C04432,Sneha Patel,Mumbai,2024-08-29,WhatsApp Campaign
C04433,Rahul Sharma,Delhi,2024-12-30,Referral
C04434,Neha Singh,Noida,2025-03-21,Organic
C04435,Arjun Gupta,Delhi,2024-09-30,WhatsApp Campaign
C04436,Ananya Mishra,Bengaluru,2024-08-13,WhatsApp Campaign
C04437,Sneha Patel,Gurugram,2025-02-08,Google Ads
C04438,Rohan Agarwal,Delhi,2025-01-08,Organic
C04439,Neha Singh,Hyderabad,2025-04-30,Google Ads
C04440,Sneha Patel,Bengaluru,2025-07-18,WhatsApp Campaign
C04441,Priya Verma,Delhi,2024-09-22,Google Ads
C04442,Priya Verma,Gurugram,2024-03-23,Instagram Ads
C04443,Neha Singh,Pune,2024-12-21,Organic
C04444,Arjun Gupta,Mumbai,2024-07-19,WhatsApp Campaign
C04445,Sneha Patel,Mumbai,2024-08-06,Organic
C04446,Rohan Agarwal,Pune,2025-09-19,Google Ads
C04447,Ananya Mishra,Noida,2024-02-26,Referral
C04448,Rohan Agarwal,Noida,2024-08-06,Google Ads
C04449,Priya Verma,Bengaluru,2025-03-26,Organic
C04450,Rahul Sharma,Mumbai,2025-08-13,Instagram Ads
C04451,Sneha Patel,Bengaluru,2025-07-04,Instagram Ads
C04452,Neha Singh,Gurugram,2025-11-08,Instagram Ads
C04453,Rohan Agarwal,Pune,2024-10-09,WhatsApp Campaign
C04454,Arjun Gupta,Delhi,2024-09-19,Instagram Ads
C04455,Neha Singh,Noida,2025-09-06,WhatsApp Campaign
C04456,Neha Singh,Hyderabad,2024-02-20,Organic
C04457,Rohan Agarwal,Mumbai,2025-09-21,Instagram Ads
C04458,Arjun Gupta,Chennai,2025-07-25,Instagram Ads
C04459,Amit Kumar,Mumbai,2025-07-27,Referral
C04460,Arjun Gupta,Gurugram,2025-11-14,Referral
C04461,Amit Kumar,Mumbai,2025-02-03,Organic
C04462,Ananya Mishra,Chennai,2025-01-09,WhatsApp Campaign
C04463,Rahul Sharma,Bengaluru,2025-05-07,Referral
C04464,Priya Verma,Chennai,2025-04-22,Referral
C04465,Sneha Patel,Pune,2025-05-30,Google Ads
C04466,Rahul Sharma,Hyderabad,2024-04-15,WhatsApp Campaign
C04467,Arjun Gupta,Mumbai,2025-09-18,Google Ads
C04468,Sneha Patel,Delhi,2025-01-31,Instagram Ads
C04469,Neha Singh,Delhi,2024-11-06,Referral
C04470,Ananya Mishra,Mumbai,2024-07-27,WhatsApp Campaign
C04471,Sneha Patel,Pune,2025-03-21,Organic
C04472,Amit Kumar,Noida,2025-10-01,Instagram Ads
C04473,Sneha Patel,Noida,2025-10-27,Google Ads
C04474,Neha Singh,Delhi,2025-02-07,Organic
C04475,Priya Verma,Chennai,2024-04-28,Referral
C04476,Rahul Sharma,Bengaluru,2025-05-25,Instagram Ads
C04477,Rahul Sharma,Bengaluru,2025-05-02,Google Ads
C04478,Arjun Gupta,Noida,2025-08-28,Referral
C04479,Amit Kumar,Noida,2025-06-04,WhatsApp Campaign
C04480,Neha Singh,Gurugram,2025-07-03,Organic
C04481,Arjun Gupta,Mumbai,2025-02-08,Instagram Ads
C04482,Rahul Sharma,Noida,2025-03-06,Referral
C04483,Amit Kumar,Delhi,2024-11-04,WhatsApp Campaign
C04484,Ananya Mishra,Pune,2024-11-04,Referral
C04485,Sneha Patel,Pune,2025-12-01,Instagram Ads
C04486,Rahul Sharma,Mumbai,2024-05-17,Organic
C04487,Rohan Agarwal,Mumbai,2025-05-17,Referral
C04488,Sneha Patel,Bengaluru,2024-04-02,Google Ads
C04489,Neha Singh,Noida,2025-02-03,Referral
C04490,Ananya Mishra,Noida,2024-01-27,Instagram Ads
C04491,Neha Singh,Bengaluru,2024-11-19,Organic
C04492,Rahul Sharma,Pune,2024-01-12,Organic
C04493,Amit Kumar,Mumbai,2025-10-15,WhatsApp Campaign
C04494,Neha Singh,Hyderabad,2025-03-24,WhatsApp Campaign
C04495,Arjun Gupta,Chennai,2025-02-20,Instagram Ads
C04496,Priya Verma,Delhi,2024-03-07,Google Ads
C04497,Sneha Patel,Chennai,2025-08-17,WhatsApp Campaign
C04498,Neha Singh,Delhi,2025-04-01,Instagram Ads
C04499,Priya Verma,Noida,2024-10-31,Instagram Ads
C04500,Arjun Gupta,Delhi,2025-06-09,Organic
C04501,Amit Kumar,Noida,2025-05-26,WhatsApp Campaign
C04502,Sneha Patel,Bengaluru,2025-02-01,WhatsApp Campaign
C04503,Amit Kumar,Pune,2024-01-05,Instagram Ads
C04504,Sneha Patel,Gurugram,2024-04-23,Instagram Ads
C04505,Rohan Agarwal,Bengaluru,2025-02-22,Instagram Ads
C04506,Priya Verma,Hyderabad,2025-11-14,WhatsApp Campaign
C04507,Arjun Gupta,Hyderabad,2024-05-31,Referral
C04508,Arjun Gupta,Noida,2024-02-12,Instagram Ads
C04509,Ananya Mishra,Bengaluru,2024-10-30,Instagram Ads
C04510,Sneha Patel,Pune,2025-03-05,Organic
C04511,Amit Kumar,Mumbai,2025-08-06,Referral
C04512,Neha Singh,Pune,2024-01-22,Google Ads
C04513,Arjun Gupta,Noida,2024-12-05,Referral
C04514,Priya Verma,Chennai,2024-01-23,Instagram Ads
C04515,Priya Verma,Noida,2024-03-17,Instagram Ads
C04516,Rohan Agarwal,Chennai,2024-12-02,Organic
C04517,Arjun Gupta,Mumbai,2025-02-12,WhatsApp Campaign
C04518,Neha Singh,Mumbai,2024-02-28,Organic
C04519,Rahul Sharma,Noida,2024-12-19,Organic
C04520,Amit Kumar,Bengaluru,2024-07-25,Google Ads
C04521,Arjun Gupta,Delhi,2025-05-12,Organic
C04522,Amit Kumar,Noida,2024-06-18,Google Ads
C04523,Amit Kumar,Hyderabad,2024-10-12,Referral
C04524,Ananya Mishra,Chennai,2024-10-15,Referral
C04525,Rahul Sharma,Mumbai,2024-08-22,Google Ads
C04526,Priya Verma,Bengaluru,2025-04-10,Instagram Ads
C04527,Rohan Agarwal,Noida,2025-08-02,Organic
C04528,Neha Singh,Bengaluru,2025-11-17,Instagram Ads
C04529,Amit Kumar,Hyderabad,2024-06-05,Google Ads
C04530,Rohan Agarwal,Chennai,2024-08-23,Google Ads
C04531,Rahul Sharma,Mumbai,2024-05-17,Google Ads
C04532,Arjun Gupta,Mumbai,2024-09-05,Instagram Ads
C04533,Rohan Agarwal,Mumbai,2025-02-07,Google Ads
C04534,Rohan Agarwal,Noida,2025-10-27,WhatsApp Campaign
C04535,Neha Singh,Gurugram,2025-03-27,Organic
C04536,Rahul Sharma,Pune,2024-12-05,Organic
C04537,Rahul Sharma,Delhi,2025-10-16,Referral
C04538,Arjun Gupta,Delhi,2024-02-15,Referral
C04539,Ananya Mishra,Mumbai,2024-12-13,Google Ads
C04540,Rohan Agarwal,Bengaluru,2025-10-28,Instagram Ads
C04541,Rohan Agarwal,Delhi,2025-08-21,Google Ads
C04542,Priya Verma,Delhi,2025-09-25,Organic
C04543,Arjun Gupta,Gurugram,2025-10-06,Referral
C04544,Rahul Sharma,Delhi,2025-08-15,Google Ads
C04545,Amit Kumar,Bengaluru,2025-09-14,Google Ads
C04546,Rahul Sharma,Chennai,2024-04-17,Instagram Ads
C04547,Rohan Agarwal,Gurugram,2025-08-03,WhatsApp Campaign
C04548,Priya Verma,Delhi,2024-07-07,WhatsApp Campaign
C04549,Ananya Mishra,Gurugram,2025-10-11,Organic
C04550,Rohan Agarwal,Hyderabad,2024-03-01,Organic
C04551,Sneha Patel,Hyderabad,2025-02-04,Organic
C04552,Rahul Sharma,Bengaluru,2025-11-05,Instagram Ads
C04553,Arjun Gupta,Pune,2025-04-01,Google Ads
C04554,Rahul Sharma,Mumbai,2025-02-23,Referral
C04555,Priya Verma,Noida,2024-09-20,Google Ads
C04556,Arjun Gupta,Pune,2025-09-24,Referral
C04557,Priya Verma,Mumbai,2024-03-02,Referral
C04558,Sneha Patel,Delhi,2025-03-11,Instagram Ads
C04559,Ananya Mishra,Chennai,2025-02-03,Google Ads
C04560,Sneha Patel,Chennai,2024-10-16,Organic
C04561,Amit Kumar,Bengaluru,2025-08-06,Organic
C04562,Rahul Sharma,Hyderabad,2025-09-30,WhatsApp Campaign
C04563,Ananya Mishra,Noida,2024-11-24,Instagram Ads
C04564,Ananya Mishra,Chennai,2025-11-11,Referral
C04565,Priya Verma,Mumbai,2024-01-14,Referral
C04566,Priya Verma,Noida,2024-11-27,Google Ads
C04567,Amit Kumar,Noida,2024-01-07,WhatsApp Campaign
C04568,Priya Verma,Noida,2024-12-13,Google Ads
C04569,Rahul Sharma,Pune,2025-03-23,WhatsApp Campaign
C04570,Ananya Mishra,Delhi,2025-08-11,WhatsApp Campaign
C04571,Sneha Patel,Gurugram,2025-04-19,Organic
C04572,Priya Verma,Noida,2024-01-26,Instagram Ads
C04573,Amit Kumar,Mumbai,2025-11-09,WhatsApp Campaign
C04574,Ananya Mishra,Mumbai,2025-08-16,Organic
C04575,Rohan Agarwal,Bengaluru,2025-11-26,Referral
C04576,Ananya Mishra,Noida,2024-03-31,Referral
C04577,Rahul Sharma,Delhi,2024-07-24,Organic
C04578,Priya Verma,Chennai,2024-10-25,Google Ads
C04579,Arjun Gupta,Mumbai,2025-01-01,Instagram Ads
C04580,Ananya Mishra,Pune,2025-05-10,Referral
C04581,Sneha Patel,Bengaluru,2025-04-11,WhatsApp Campaign
C04582,Amit Kumar,Hyderabad,2025-10-06,Google Ads
C04583,Rahul Sharma,Mumbai,2024-09-19,Instagram Ads
C04584,Priya Verma,Gurugram,2024-07-25,Referral
C04585,Ananya Mishra,Hyderabad,2024-10-05,Google Ads
C04586,Ananya Mishra,Delhi,2025-06-19,WhatsApp Campaign
C04587,Neha Singh,Hyderabad,2024-04-16,Google Ads
C04588,Neha Singh,Mumbai,2024-08-28,Referral
C04589,Priya Verma,Chennai,2024-05-04,Google Ads
C04590,Priya Verma,Delhi,2025-08-03,WhatsApp Campaign
C04591,Arjun Gupta,Bengaluru,2024-06-17,Google Ads
C04592,Arjun Gupta,Delhi,2025-10-18,Organic
C04593,Sneha Patel,Hyderabad,2025-03-06,Referral
C04594,Arjun Gupta,Chennai,2024-08-29,Organic
C04595,Priya Verma,Mumbai,2025-01-22,Organic
C04596,Amit Kumar,Mumbai,2025-07-30,Organic
C04597,Priya Verma,Mumbai,2025-03-28,Referral
C04598,Amit Kumar,Gurugram,2024-06-05,Instagram Ads
C04599,Rohan Agarwal,Hyderabad,2024-05-25,Organic
C04600,Sneha Patel,Noida,2025-09-28,Referral
C04601,Rohan Agarwal,Bengaluru,2024-10-12,Instagram Ads
C04602,Priya Verma,Delhi,2024-06-25,Google Ads
C04603,Ananya Mishra,Pune,2025-04-30,WhatsApp Campaign
C04604,Sneha Patel,Hyderabad,2024-04-28,Referral
C04605,Arjun Gupta,Gurugram,2024-04-09,WhatsApp Campaign
C04606,Ananya Mishra,Pune,2025-02-19,Organic
C04607,Amit Kumar,Pune,2025-06-27,Google Ads
C04608,Arjun Gupta,Pune,2024-07-12,WhatsApp Campaign
C04609,Ananya Mishra,Chennai,2025-06-19,Instagram Ads
C04610,Neha Singh,Mumbai,2025-05-23,Organic
C04611,Rahul Sharma,Noida,2024-10-09,Instagram Ads
C04612,Neha Singh,Pune,2025-01-11,Organic
C04613,Priya Verma,Pune,2025-11-03,Organic
C04614,Sneha Patel,Noida,2024-11-25,WhatsApp Campaign
C04615,Arjun Gupta,Bengaluru,2025-07-01,Instagram Ads
C04616,Rohan Agarwal,Pune,2024-02-20,Referral
C04617,Sneha Patel,Bengaluru,2024-09-13,Instagram Ads
C04618,Rahul Sharma,Mumbai,2024-02-26,Google Ads
C04619,Arjun Gupta,Noida,2025-04-25,Referral
C04620,Rohan Agarwal,Mumbai,2025-07-29,Instagram Ads
C04621,Rohan Agarwal,Noida,2024-08-12,Instagram Ads
C04622,Neha Singh,Pune,2024-04-25,Google Ads
C04623,Rohan Agarwal,Gurugram,2025-10-14,Instagram Ads
C04624,Ananya Mishra,Chennai,2025-05-11,Organic
C04625,Arjun Gupta,Pune,2024-12-19,Instagram Ads
C04626,Sneha Patel,Noida,2025-09-09,Google Ads
C04627,Arjun Gupta,Mumbai,2025-08-20,Instagram Ads
C04628,Ananya Mishra,Noida,2024-04-24,Google Ads
C04629,Ananya Mishra,Pune,2024-03-06,Referral
C04630,Priya Verma,Mumbai,2025-07-04,Organic
C04631,Amit Kumar,Delhi,2024-10-11,WhatsApp Campaign
C04632,Neha Singh,Hyderabad,2024-02-08,Google Ads
C04633,Neha Singh,Chennai,2024-09-21,Google Ads
C04634,Ananya Mishra,Delhi,2025-09-03,WhatsApp Campaign
C04635,Sneha Patel,Bengaluru,2025-03-18,Referral
C04636,Amit Kumar,Hyderabad,2024-11-13,Instagram Ads
C04637,Sneha Patel,Bengaluru,2025-08-04,Instagram Ads
C04638,Neha Singh,Delhi,2025-02-25,Instagram Ads
C04639,Rohan Agarwal,Noida,2025-03-01,Referral
C04640,Neha Singh,Hyderabad,2025-11-04,Organic
C04641,Ananya Mishra,Pune,2025-03-19,WhatsApp Campaign
C04642,Arjun Gupta,Chennai,2024-12-16,Referral
C04643,Amit Kumar,Mumbai,2025-03-17,Instagram Ads
C04644,Ananya Mishra,Chennai,2024-03-19,Referral
C04645,Neha Singh,Hyderabad,2025-08-13,Referral
C04646,Rahul Sharma,Chennai,2025-01-16,WhatsApp Campaign
C04647,Amit Kumar,Delhi,2025-08-18,Referral
C04648,Rahul Sharma,Chennai,2025-07-15,Organic
C04649,Rohan Agarwal,Delhi,2025-06-24,Referral
C04650,Sneha Patel,Gurugram,2024-07-10,Referral
C04651,Priya Verma,Hyderabad,2024-10-29,WhatsApp Campaign
C04652,Ananya Mishra,Delhi,2025-03-11,Instagram Ads
C04653,Rohan Agarwal,Hyderabad,2025-09-30,WhatsApp Campaign
C04654,Amit Kumar,Delhi,2024-01-06,Google Ads
C04655,Amit Kumar,Pune,2024-12-11,Organic
C04656,Rohan Agarwal,Hyderabad,2024-04-05,Google Ads
C04657,Sneha Patel,Delhi,2025-05-30,Instagram Ads
C04658,Priya Verma,Chennai,2024-08-14,WhatsApp Campaign
C04659,Rahul Sharma,Bengaluru,2025-03-17,WhatsApp Campaign
C04660,Rahul Sharma,Noida,2025-05-29,Google Ads
C04661,Sneha Patel,Bengaluru,2024-02-15,Organic
C04662,Priya Verma,Delhi,2024-04-16,Referral
C04663,Neha Singh,Bengaluru,2025-11-17,WhatsApp Campaign
C04664,Rahul Sharma,Mumbai,2024-07-26,WhatsApp Campaign
C04665,Rohan Agarwal,Gurugram,2024-04-15,WhatsApp Campaign
C04666,Sneha Patel,Noida,2024-09-09,Organic
C04667,Amit Kumar,Chennai,2025-09-10,WhatsApp Campaign
C04668,Amit Kumar,Pune,2024-08-15,Google Ads
C04669,Ananya Mishra,Mumbai,2024-12-10,WhatsApp Campaign
C04670,Sneha Patel,Delhi,2025-04-12,Referral
C04671,Neha Singh,Chennai,2025-01-08,Google Ads
C04672,Rohan Agarwal,Hyderabad,2024-07-06,WhatsApp Campaign
C04673,Amit Kumar,Pune,2024-07-29,Instagram Ads
C04674,Arjun Gupta,Gurugram,2024-03-18,Organic
C04675,Rohan Agarwal,Mumbai,2025-09-26,Instagram Ads
C04676,Rohan Agarwal,Pune,2025-04-29,Organic
C04677,Arjun Gupta,Delhi,2025-02-19,Organic
C04678,Neha Singh,Pune,2025-09-24,Google Ads
C04679,Priya Verma,Pune,2025-07-26,WhatsApp Campaign
C04680,Sneha Patel,Mumbai,2024-12-30,WhatsApp Campaign
C04681,Amit Kumar,Noida,2025-01-27,WhatsApp Campaign
C04682,Amit Kumar,Pune,2025-02-04,Google Ads
C04683,Neha Singh,Delhi,2024-05-05,Instagram Ads
C04684,Amit Kumar,Chennai,2025-10-22,Organic
C04685,Neha Singh,Bengaluru,2025-11-03,WhatsApp Campaign
C04686,Priya Verma,Noida,2024-05-22,Referral
C04687,Ananya Mishra,Chennai,2025-09-21,Referral
C04688,Rohan Agarwal,Bengaluru,2025-06-04,Referral
C04689,Neha Singh,Mumbai,2024-09-09,Instagram Ads
C04690,Ananya Mishra,Gurugram,2024-02-28,Referral
C04691,Arjun Gupta,Pune,2025-07-30,Google Ads
C04692,Ananya Mishra,Hyderabad,2024-12-14,Google Ads
C04693,Rahul Sharma,Gurugram,2025-05-16,WhatsApp Campaign
C04694,Rohan Agarwal,Noida,2024-05-15,Google Ads
C04695,Rahul Sharma,Noida,2025-10-18,Referral
C04696,Sneha Patel,Pune,2024-10-10,Instagram Ads
C04697,Rahul Sharma,Pune,2024-10-02,Google Ads
C04698,Ananya Mishra,Noida,2025-09-19,Instagram Ads
C04699,Arjun Gupta,Hyderabad,2025-07-31,Referral
C04700,Sneha Patel,Noida,2024-05-03,Referral
C04701,Ananya Mishra,Gurugram,2025-08-13,WhatsApp Campaign
C04702,Rahul Sharma,Delhi,2025-07-11,Google Ads
C04703,Priya Verma,Chennai,2024-09-03,Google Ads
C04704,Sneha Patel,Bengaluru,2024-12-12,WhatsApp Campaign
C04705,Ananya Mishra,Bengaluru,2024-04-18,Google Ads
C04706,Neha Singh,Hyderabad,2024-08-03,Instagram Ads
C04707,Ananya Mishra,Bengaluru,2024-12-23,Instagram Ads
C04708,Rahul Sharma,Pune,2025-08-13,WhatsApp Campaign
C04709,Arjun Gupta,Chennai,2025-10-05,Organic
C04710,Arjun Gupta,Chennai,2024-02-28,Referral
C04711,Amit Kumar,Chennai,2024-05-17,Organic
C04712,Rahul Sharma,Bengaluru,2024-09-03,Organic
C04713,Sneha Patel,Chennai,2025-09-11,Instagram Ads
C04714,Rohan Agarwal,Gurugram,2024-10-22,Organic
C04715,Neha Singh,Mumbai,2025-01-04,Instagram Ads
C04716,Amit Kumar,Chennai,2024-10-18,Instagram Ads
C04717,Neha Singh,Delhi,2024-10-31,Referral
C04718,Amit Kumar,Bengaluru,2024-03-05,WhatsApp Campaign
C04719,Ananya Mishra,Mumbai,2025-10-27,Organic
C04720,Neha Singh,Chennai,2025-06-25,Google Ads
C04721,Arjun Gupta,Mumbai,2025-08-02,WhatsApp Campaign
C04722,Arjun Gupta,Delhi,2024-05-08,Organic
C04723,Neha Singh,Pune,2025-04-28,Instagram Ads
C04724,Neha Singh,Delhi,2025-10-03,Referral
C04725,Rahul Sharma,Pune,2025-05-24,Instagram Ads
C04726,Rahul Sharma,Hyderabad,2025-01-21,Organic
C04727,Arjun Gupta,Bengaluru,2025-04-15,WhatsApp Campaign
C04728,Rahul Sharma,Mumbai,2024-10-08,Instagram Ads
C04729,Priya Verma,Noida,2024-09-16,Instagram Ads
C04730,Amit Kumar,Noida,2024-08-05,Instagram Ads
C04731,Sneha Patel,Noida,2024-01-01,WhatsApp Campaign
C04732,Neha Singh,Mumbai,2025-04-30,Instagram Ads
C04733,Amit Kumar,Gurugram,2025-11-19,Organic
C04734,Priya Verma,Delhi,2024-07-27,Instagram Ads
C04735,Arjun Gupta,Delhi,2025-06-17,WhatsApp Campaign
C04736,Neha Singh,Delhi,2024-09-25,Referral
C04737,Amit Kumar,Bengaluru,2025-05-20,Organic
C04738,Sneha Patel,Gurugram,2025-01-12,Organic
C04739,Rahul Sharma,Hyderabad,2024-09-30,Google Ads
C04740,Amit Kumar,Chennai,2024-08-14,Instagram Ads
C04741,Amit Kumar,Bengaluru,2024-04-22,Google Ads
C04742,Rahul Sharma,Hyderabad,2025-04-28,WhatsApp Campaign
C04743,Neha Singh,Bengaluru,2024-12-08,Google Ads
C04744,Rahul Sharma,Gurugram,2024-05-11,Referral
C04745,Sneha Patel,Pune,2025-08-29,Instagram Ads
C04746,Priya Verma,Chennai,2024-03-07,Referral
C04747,Ananya Mishra,Chennai,2024-02-19,Organic
C04748,Rohan Agarwal,Bengaluru,2024-01-11,Instagram Ads
C04749,Rohan Agarwal,Noida,2025-06-28,Instagram Ads
C04750,Arjun Gupta,Pune,2024-06-06,Google Ads
C04751,Ananya Mishra,Hyderabad,2025-05-30,Instagram Ads
C04752,Arjun Gupta,Pune,2024-09-03,Referral
C04753,Ananya Mishra,Delhi,2025-04-16,Referral
C04754,Rohan Agarwal,Bengaluru,2024-11-16,Google Ads
C04755,Priya Verma,Mumbai,2024-11-22,Organic
C04756,Rahul Sharma,Chennai,2025-02-13,Referral
C04757,Rohan Agarwal,Hyderabad,2024-12-31,Instagram Ads
C04758,Rahul Sharma,Gurugram,2024-01-05,Instagram Ads
C04759,Rahul Sharma,Gurugram,2024-03-15,Google Ads
C04760,Neha Singh,Pune,2025-06-29,WhatsApp Campaign
C04761,Rahul Sharma,Delhi,2024-10-29,WhatsApp Campaign
C04762,Ananya Mishra,Delhi,2025-03-05,Organic
C04763,Amit Kumar,Mumbai,2025-07-20,Organic
C04764,Ananya Mishra,Chennai,2024-04-22,Organic
C04765,Rahul Sharma,Delhi,2025-06-19,Instagram Ads
C04766,Arjun Gupta,Noida,2024-03-26,Google Ads
C04767,Amit Kumar,Noida,2024-04-27,WhatsApp Campaign
C04768,Neha Singh,Pune,2025-07-24,Google Ads
C04769,Neha Singh,Pune,2024-03-16,WhatsApp Campaign
C04770,Sneha Patel,Noida,2024-07-12,Referral
C04771,Amit Kumar,Hyderabad,2024-06-24,Organic
C04772,Ananya Mishra,Hyderabad,2025-10-09,Organic
C04773,Rahul Sharma,Noida,2024-12-05,WhatsApp Campaign
C04774,Neha Singh,Mumbai,2024-11-15,Referral
C04775,Sneha Patel,Hyderabad,2024-03-12,Instagram Ads
C04776,Priya Verma,Delhi,2025-07-01,Referral
C04777,Amit Kumar,Hyderabad,2024-01-13,Referral
C04778,Amit Kumar,Pune,2025-11-15,Google Ads
C04779,Arjun Gupta,Bengaluru,2024-11-09,Referral
C04780,Amit Kumar,Delhi,2025-07-18,Referral
C04781,Rohan Agarwal,Pune,2024-06-01,Organic
C04782,Rohan Agarwal,Hyderabad,2025-03-09,WhatsApp Campaign
C04783,Rahul Sharma,Pune,2024-07-09,WhatsApp Campaign
C04784,Priya Verma,Noida,2024-06-07,Referral
C04785,Rahul Sharma,Hyderabad,2024-06-17,Google Ads
C04786,Arjun Gupta,Gurugram,2025-05-28,Google Ads
C04787,Arjun Gupta,Mumbai,2024-03-31,WhatsApp Campaign
C04788,Amit Kumar,Pune,2025-10-08,WhatsApp Campaign
C04789,Amit Kumar,Delhi,2025-07-17,Google Ads
C04790,Arjun Gupta,Pune,2024-02-07,Organic
C04791,Sneha Patel,Mumbai,2024-05-25,Instagram Ads
C04792,Neha Singh,Mumbai,2025-10-25,Instagram Ads
C04793,Sneha Patel,Noida,2025-11-25,Google Ads
C04794,Arjun Gupta,Bengaluru,2024-10-09,Referral
C04795,Priya Verma,Delhi,2025-06-07,Google Ads
C04796,Neha Singh,Noida,2025-05-04,Organic
C04797,Amit Kumar,Noida,2024-10-03,Organic
C04798,Sneha Patel,Delhi,2024-10-25,Instagram Ads
C04799,Rahul Sharma,Mumbai,2025-10-15,WhatsApp Campaign
C04800,Ananya Mishra,Pune,2024-01-15,Organic
C04801,Sneha Patel,Gurugram,2025-09-22,Organic
C04802,Rahul Sharma,Gurugram,2025-11-25,Google Ads
C04803,Rohan Agarwal,Mumbai,2024-07-20,WhatsApp Campaign
C04804,Rahul Sharma,Delhi,2025-02-12,Organic
C04805,Priya Verma,Gurugram,2024-02-28,Instagram Ads
C04806,Arjun Gupta,Hyderabad,2025-09-17,Referral
C04807,Neha Singh,Chennai,2024-01-10,Google Ads
C04808,Ananya Mishra,Chennai,2025-06-19,Google Ads
C04809,Amit Kumar,Chennai,2024-07-10,Referral
C04810,Rahul Sharma,Chennai,2024-04-24,Organic
C04811,Neha Singh,Delhi,2025-05-15,Instagram Ads
C04812,Amit Kumar,Hyderabad,2024-07-11,WhatsApp Campaign
C04813,Amit Kumar,Pune,2024-08-22,Organic
C04814,Neha Singh,Bengaluru,2025-06-08,Google Ads
C04815,Rahul Sharma,Gurugram,2025-05-21,Google Ads
C04816,Ananya Mishra,Noida,2024-09-16,Referral
C04817,Arjun Gupta,Pune,2024-08-16,Instagram Ads
C04818,Neha Singh,Bengaluru,2024-03-04,Referral
C04819,Priya Verma,Noida,2025-01-25,Organic
C04820,Amit Kumar,Delhi,2025-09-13,WhatsApp Campaign
C04821,Amit Kumar,Hyderabad,2024-05-07,Instagram Ads
C04822,Ananya Mishra,Pune,2025-08-19,Organic
C04823,Sneha Patel,Noida,2024-12-31,WhatsApp Campaign
C04824,Rahul Sharma,Gurugram,2025-04-29,Referral
C04825,Rahul Sharma,Delhi,2025-11-04,Organic
C04826,Sneha Patel,Delhi,2024-09-08,Referral
C04827,Rohan Agarwal,Noida,2024-05-23,Instagram Ads
C04828,Sneha Patel,Noida,2024-08-13,Instagram Ads
C04829,Ananya Mishra,Chennai,2025-01-04,WhatsApp Campaign
C04830,Rohan Agarwal,Pune,2025-05-01,Organic
C04831,Priya Verma,Hyderabad,2025-08-15,WhatsApp Campaign
C04832,Arjun Gupta,Noida,2024-10-24,Organic
C04833,Rohan Agarwal,Delhi,2025-03-08,Referral
C04834,Amit Kumar,Noida,2025-08-17,Organic
C04835,Priya Verma,Hyderabad,2025-03-17,Instagram Ads
C04836,Sneha Patel,Hyderabad,2025-07-26,Referral
C04837,Neha Singh,Mumbai,2024-05-11,WhatsApp Campaign
C04838,Ananya Mishra,Delhi,2024-05-08,Referral
C04839,Amit Kumar,Mumbai,2024-10-27,Instagram Ads
C04840,Rahul Sharma,Pune,2025-11-25,WhatsApp Campaign
C04841,Rahul Sharma,Gurugram,2025-10-10,Referral
C04842,Rohan Agarwal,Noida,2025-09-02,Instagram Ads
C04843,Priya Verma,Noida,2024-12-18,Google Ads
C04844,Rahul Sharma,Bengaluru,2024-11-05,Google Ads
C04845,Neha Singh,Delhi,2025-03-19,Organic
C04846,Neha Singh,Mumbai,2024-06-17,Google Ads
C04847,Rohan Agarwal,Mumbai,2024-01-04,Instagram Ads
C04848,Ananya Mishra,Bengaluru,2025-07-13,Organic
C04849,Rohan Agarwal,Hyderabad,2024-12-02,Referral
C04850,Neha Singh,Hyderabad,2025-05-20,WhatsApp Campaign
C04851,Amit Kumar,Gurugram,2025-01-08,Referral
C04852,Rahul Sharma,Mumbai,2024-03-03,Organic
C04853,Amit Kumar,Noida,2024-06-17,Google Ads
C04854,Sneha Patel,Bengaluru,2024-03-20,Organic
C04855,Priya Verma,Chennai,2024-10-23,Instagram Ads
C04856,Priya Verma,Gurugram,2025-07-18,Organic
C04857,Priya Verma,Pune,2025-01-13,Referral
C04858,Amit Kumar,Hyderabad,2025-11-28,Organic
C04859,Amit Kumar,Hyderabad,2025-07-22,Referral
C04860,Sneha Patel,Hyderabad,2025-12-01,Organic
C04861,Arjun Gupta,Noida,2024-12-26,Instagram Ads
C04862,Neha Singh,Chennai,2025-08-02,Referral
C04863,Priya Verma,Gurugram,2024-02-02,Instagram Ads
C04864,Neha Singh,Mumbai,2025-05-21,WhatsApp Campaign
C04865,Amit Kumar,Bengaluru,2024-01-23,WhatsApp Campaign
C04866,Ananya Mishra,Mumbai,2025-01-21,Organic
C04867,Priya Verma,Mumbai,2024-02-02,Referral
C04868,Amit Kumar,Pune,2025-03-03,Referral
C04869,Amit Kumar,Chennai,2024-02-02,Google Ads
C04870,Rohan Agarwal,Chennai,2024-07-14,Google Ads
C04871,Neha Singh,Delhi,2024-10-24,Organic
C04872,Amit Kumar,Delhi,2024-03-11,Instagram Ads
C04873,Rohan Agarwal,Gurugram,2024-11-26,Instagram Ads
C04874,Sneha Patel,Chennai,2025-09-03,Instagram Ads
C04875,Priya Verma,Chennai,2024-02-09,Google Ads
C04876,Rahul Sharma,Noida,2024-12-15,Google Ads
C04877,Arjun Gupta,Mumbai,2024-05-31,Referral
C04878,Arjun Gupta,Mumbai,2024-12-26,Organic
C04879,Priya Verma,Chennai,2025-10-27,WhatsApp Campaign
C04880,Amit Kumar,Chennai,2025-11-09,Organic
C04881,Priya Verma,Mumbai,2025-10-20,Instagram Ads
C04882,Sneha Patel,Pune,2025-06-23,Referral
C04883,Amit Kumar,Bengaluru,2024-02-04,Organic
C04884,Neha Singh,Delhi,2025-06-27,Referral
C04885,Ananya Mishra,Gurugram,2024-09-24,Google Ads
C04886,Neha Singh,Chennai,2025-09-01,Organic
C04887,Priya Verma,Chennai,2024-08-24,Referral
C04888,Amit Kumar,Pune,2025-05-07,WhatsApp Campaign
C04889,Ananya Mishra,Hyderabad,2025-02-20,WhatsApp Campaign
C04890,Neha Singh,Pune,2025-03-09,WhatsApp Campaign
C04891,Rahul Sharma,Bengaluru,2024-01-22,WhatsApp Campaign
C04892,Rahul Sharma,Bengaluru,2024-11-10,Instagram Ads
C04893,Rahul Sharma,Chennai,2024-01-15,Organic
C04894,Rohan Agarwal,Gurugram,2024-10-22,Referral
C04895,Rahul Sharma,Pune,2025-05-10,WhatsApp Campaign
C04896,Rahul Sharma,Pune,2025-09-19,Google Ads
C04897,Rahul Sharma,Mumbai,2025-03-26,Organic
C04898,Priya Verma,Mumbai,2024-08-10,Organic
C04899,Amit Kumar,Noida,2024-09-10,Referral
C04900,Priya Verma,Pune,2024-12-29,Instagram Ads
C04901,Arjun Gupta,Chennai,2024-09-01,Google Ads
C04902,Ananya Mishra,Pune,2024-01-07,Google Ads
C04903,Arjun Gupta,Delhi,2025-02-16,Instagram Ads
C04904,Ananya Mishra,Gurugram,2024-04-16,WhatsApp Campaign
C04905,Priya Verma,Hyderabad,2024-09-20,Instagram Ads
C04906,Rohan Agarwal,Delhi,2025-03-06,Google Ads
C04907,Sneha Patel,Pune,2025-11-09,Referral
C04908,Priya Verma,Mumbai,2025-08-19,WhatsApp Campaign
C04909,Ananya Mishra,Pune,2024-01-03,WhatsApp Campaign
C04910,Arjun Gupta,Mumbai,2024-12-20,Referral
C04911,Neha Singh,Pune,2025-04-16,Google Ads
C04912,Arjun Gupta,Chennai,2024-10-27,Google Ads
C04913,Neha Singh,Noida,2025-03-22,WhatsApp Campaign
C04914,Ananya Mishra,Gurugram,2024-12-27,Referral
C04915,Ananya Mishra,Chennai,2025-08-26,Instagram Ads
C04916,Arjun Gupta,Mumbai,2024-03-27,Organic
C04917,Rahul Sharma,Pune,2025-10-09,Organic
C04918,Sneha Patel,Chennai,2025-03-03,WhatsApp Campaign
C04919,Rahul Sharma,Pune,2025-03-08,Organic
C04920,Ananya Mishra,Gurugram,2025-08-03,WhatsApp Campaign
C04921,Priya Verma,Chennai,2024-06-09,Referral
C04922,Amit Kumar,Gurugram,2024-05-19,Instagram Ads
C04923,Sneha Patel,Mumbai,2025-07-13,Instagram Ads
C04924,Ananya Mishra,Chennai,2024-08-16,Google Ads
C04925,Neha Singh,Pune,2024-08-01,Organic
C04926,Neha Singh,Bengaluru,2025-06-25,Google Ads
C04927,Neha Singh,Noida,2024-08-10,Instagram Ads
C04928,Rahul Sharma,Mumbai,2025-07-08,Organic
C04929,Ananya Mishra,Bengaluru,2024-09-05,Organic
C04930,Neha Singh,Noida,2025-05-15,Instagram Ads
C04931,Rahul Sharma,Pune,2024-07-18,Referral
C04932,Arjun Gupta,Pune,2024-10-05,WhatsApp Campaign
C04933,Sneha Patel,Gurugram,2024-10-22,Google Ads
C04934,Rohan Agarwal,Chennai,2025-05-15,Google Ads
C04935,Sneha Patel,Mumbai,2024-10-05,Organic
C04936,Priya Verma,Bengaluru,2024-10-04,WhatsApp Campaign
C04937,Sneha Patel,Gurugram,2025-06-19,Google Ads
C04938,Priya Verma,Hyderabad,2025-11-01,Referral
C04939,Amit Kumar,Pune,2025-12-01,WhatsApp Campaign
C04940,Priya Verma,Gurugram,2025-06-08,Google Ads
C04941,Priya Verma,Chennai,2024-01-25,Instagram Ads
C04942,Neha Singh,Mumbai,2024-07-27,Referral
C04943,Amit Kumar,Mumbai,2025-03-08,WhatsApp Campaign
C04944,Amit Kumar,Delhi,2024-06-30,Organic
C04945,Sneha Patel,Pune,2024-04-04,WhatsApp Campaign
C04946,Rohan Agarwal,Noida,2025-04-05,WhatsApp Campaign
C04947,Rohan Agarwal,Chennai,2025-07-09,Referral
C04948,Neha Singh,Hyderabad,2025-09-12,WhatsApp Campaign
C04949,Rahul Sharma,Bengaluru,2025-08-28,Google Ads
C04950,Ananya Mishra,Bengaluru,2024-07-01,Instagram Ads
C04951,Priya Verma,Hyderabad,2024-07-09,WhatsApp Campaign
C04952,Priya Verma,Pune,2024-05-31,Referral
C04953,Arjun Gupta,Bengaluru,2024-05-10,Google Ads
C04954,Rahul Sharma,Hyderabad,2025-11-04,WhatsApp Campaign
C04955,Ananya Mishra,Pune,2025-09-16,Referral
C04956,Priya Verma,Mumbai,2024-02-23,Instagram Ads
C04957,Arjun Gupta,Pune,2025-05-07,Instagram Ads
C04958,Rahul Sharma,Hyderabad,2025-07-21,WhatsApp Campaign
C04959,Arjun Gupta,Noida,2025-01-17,Google Ads
C04960,Rohan Agarwal,Pune,2024-10-22,Instagram Ads
C04961,Arjun Gupta,Noida,2025-08-11,WhatsApp Campaign
C04962,Rahul Sharma,Gurugram,2024-03-19,Organic
C04963,Neha Singh,Delhi,2025-01-22,Instagram Ads
C04964,Arjun Gupta,Noida,2024-01-04,Organic
C04965,Amit Kumar,Delhi,2024-09-01,Instagram Ads
C04966,Rahul Sharma,Pune,2025-01-07,WhatsApp Campaign
C04967,Amit Kumar,Mumbai,2024-02-20,Referral
C04968,Ananya Mishra,Noida,2024-07-31,Referral
C04969,Ananya Mishra,Hyderabad,2024-11-26,Instagram Ads
C04970,Rahul Sharma,Bengaluru,2025-11-10,Referral
C04971,Priya Verma,Gurugram,2025-01-11,WhatsApp Campaign
C04972,Rahul Sharma,Hyderabad,2024-10-03,Google Ads
C04973,Rohan Agarwal,Hyderabad,2024-10-07,Referral
C04974,Priya Verma,Hyderabad,2024-08-17,WhatsApp Campaign
C04975,Sneha Patel,Gurugram,2025-03-21,Referral
C04976,Rahul Sharma,Chennai,2024-08-26,WhatsApp Campaign
C04977,Sneha Patel,Bengaluru,2025-06-22,WhatsApp Campaign
C04978,Ananya Mishra,Gurugram,2025-10-01,Google Ads
C04979,Arjun Gupta,Gurugram,2025-07-19,Google Ads
C04980,Amit Kumar,Mumbai,2025-09-16,Instagram Ads
C04981,Amit Kumar,Noida,2025-07-28,Instagram Ads
C04982,Neha Singh,Hyderabad,2025-01-14,Organic
C04983,Amit Kumar,Delhi,2025-06-12,Google Ads
C04984,Rohan Agarwal,Chennai,2025-03-20,WhatsApp Campaign
C04985,Sneha Patel,Hyderabad,2024-06-23,Organic
C04986,Priya Verma,Chennai,2025-08-21,WhatsApp Campaign
C04987,Priya Verma,Bengaluru,2024-06-21,Referral
C04988,Sneha Patel,Chennai,2025-09-24,Organic
C04989,Rahul Sharma,Delhi,2025-07-01,Google Ads
C04990,Arjun Gupta,Chennai,2025-01-08,Instagram Ads
C04991,Ananya Mishra,Hyderabad,2024-11-03,Google Ads
C04992,Rohan Agarwal,Hyderabad,2025-07-01,Organic
C04993,Rohan Agarwal,Gurugram,2024-08-24,Referral
C04994,Ananya Mishra,Pune,2024-08-26,Referral
C04995,Ananya Mishra,Pune,2024-12-10,Google Ads
C04996,Priya Verma,Chennai,2024-11-07,Google Ads
C04997,Rahul Sharma,Noida,2025-10-18,Google Ads
C04998,Rohan Agarwal,Delhi,2025-06-21,Instagram Ads
C04999,Amit Kumar,Bengaluru,2024-05-15,WhatsApp Campaign
C05000,Amit Kumar,Noida,2025-11-05,Instagram Ads